entry,Re,clmax_meas,astall_meas,clmax_mean8,astall_mean8,clmax_xlarge,astall_xlarge
stec8|AQUILA,59343.0,1.15,9.73,1.3020358021915888,11.0,1.3765895470547829,11.25
stec8|AQUILA,78441.0,1.26,12.44,1.38016463625344,11.25,1.392969315258535,11.5
stec8|AQUILA,101444.0,1.29,12.05,1.3847969984682407,11.25,1.3921993653280282,11.0
stec8|CLARK-Y,60454.0,1.18,12.22,1.3051376318467278,11.75,1.372723396059001,12.75
stec8|CLARK-Y,81710.0,1.2,11.42,1.3531508287976102,13.5,1.3830974937513292,14.0
stec8|CLARK-Y,98941.0,1.2,10.62,1.357681039513498,14.0,1.379793320872761,14.5
stec8|DAE51,62483.0,1.2,12.23,1.374793706292703,11.5,1.4031483128135243,11.75
stec8|DAE51,80693.0,1.21,12.64,1.3983181786491636,11.75,1.4189841663830725,12.0
stec8|DAE51,100727.0,1.35,14.72,1.4099652728531475,12.25,1.427532868845627,12.0
stec8|E205B,39528.0,1.08,13.62,0.9399375276260377,11.25,1.0184298699808885,11.5
stec8|E205B,58925.0,1.12,13.32,1.1819579563070988,11.75,1.2249081489769635,12.25
stec8|E205B,83049.0,1.07,10.41,1.2174195053108376,12.25,1.2362559566684306,12.5
stec8|E205B,100025.0,1.08,10.02,1.2277267643622498,12.5,1.2411927773589524,12.5
stec8|E374B,60325.0,1.03,14.1,1.0803846593388982,10.5,1.1092308978863559,10.75
stec8|E374B,80398.0,1.04,13.6,1.1044714934742792,10.75,1.1274362847652897,10.75
stec8|E374B,101252.0,1.09,13.31,1.11473583795253,11.0,1.1351871212876699,10.75
stec8|E387A,40512.0,1.09,11.4,1.1883654493370626,10.75,1.2774593129204839,11.25
stec8|E387A,61706.0,1.13,13.02,1.2688201482626988,11.25,1.292527951393335,11.5
stec8|E387A,79758.0,1.23,14.64,1.2917666955888372,11.5,1.3079907764678418,11.5
stec8|E387A,99898.0,1.27,15.16,1.3035447200494539,11.5,1.3182445834851622,11.5
stec8|HQ2/9A,59692.0,1.04,11.24,1.1023256276035835,9.5,1.1013391121831542,9.25
stec8|HQ2/9A,101265.0,1.11,22.33,1.1419866342887843,9.75,1.1361022084468613,9.5
stec8|HQ2/9A,198829.0,1.13,12.24,1.1870038576458528,10.5,1.1848398818977375,10.25
stec8|HQ2/9B,60083.0,1.02,11.4,1.1030394344963124,9.5,1.1018270213487553,9.25
stec8|HQ2/9B,80104.0,1.1,12.6,1.1276066526523603,9.75,1.1225230790223737,9.5
stec8|HQ2/9B,101503.0,1.08,12.73,1.142105261951163,9.75,1.136234987800345,9.5
stec8|MB253515,18557.0,0.78,16.81,0.8185881365572276,20.0,0.8215486025064338,20.0
stec8|MB253515,29302.0,1.16,14.89,0.8208345024712538,20.0,0.8258911675293233,20.0
stec8|MB253515,40442.0,1.13,12.86,0.8256352123997156,14.5,1.0263510522423678,14.75
stec8|MB253515,50280.0,1.14,11.67,0.9217794051280633,14.5,1.0976169286083497,14.5
stec8|MB253515,59777.0,1.13,10.46,0.9895691250331606,14.5,1.1123425414611354,14.75
stec8|MB253515,70064.0,1.07,10.82,1.0472056074264167,14.25,1.123840147643463,14.75
stec8|MB253515,81074.0,1.09,17.28,1.102753191763872,9.75,1.1543311724002399,9.75
stec8|MB253515,90057.0,1.1,10.09,1.1210434891691152,9.5,1.1621092149938377,9.5
stec8|MB253515,100107.0,1.08,10.08,1.1255155496615692,9.25,1.1562954414414948,9.25
stec8|MILEY,59195.0,1.31,22.36,1.0028586747604376,17.25,0.972805367867806,18.25
stec8|MILEY,100588.0,1.51,13.39,1.163861390684702,13.5,1.1989157272743365,13.75
stec8|MILEY,200546.0,1.46,11.28,1.4086554593452405,10.5,1.4100515325292038,10.5
stec8|MILEY,301581.0,1.4,10.26,1.4156590234134607,10.25,1.421525673517856,10.25
stec8|NACA 0009,39717.0,0.82,11.05,0.8178777944503927,20.0,0.8177099260207568,20.0
stec8|NACA 0009,58302.0,0.79,9.74,0.8144131366146329,20.0,0.8129888591925728,20.0
stec8|NACA 0009,81083.0,0.81,10.25,0.807255814317456,20.0,0.8094735330991383,20.0
stec8|NACA 0009,99944.0,0.8,10.56,0.8119881607109732,8.25,0.8080845971292606,20.0
stec8|NACA 6409,39322.0,1.31,16.58,1.2845087545176312,13.0,1.4787204170399648,13.0
stec8|NACA 6409,50619.0,1.31,14.47,1.4101085262581057,12.75,1.4970770515943672,13.0
stec8|NACA 6409,58178.0,1.39,11.39,1.4464574075464467,12.75,1.5050057050250087,13.0
stec8|NACA 6409,69855.0,1.38,10.86,1.474443426338126,13.0,1.5178413990592825,13.0
stec8|NACA 6409,81356.0,1.39,10.49,1.4895437995988245,13.0,1.5288569160902679,13.0
stec8|NACA 64A010,60023.0,0.77,10.24,0.8098654186659086,20.0,0.8199447571758731,20.0
stec8|NACA 64A010,79755.0,0.83,10.26,0.8000691169191603,20.0,0.8182426527017591,20.0
stec8|NACA 64A010,100598.0,0.81,10.66,0.8026839488179559,20.0,0.8175689936749483,20.0
stec8|RG15,58585.0,1.1,12.32,1.080705811229247,9.5,1.0822518214747892,9.5
stec8|RG15,81431.0,1.12,12.21,1.1101554556400557,9.75,1.1074092401350193,9.75
stec8|RG15,103229.0,1.1,11.8,1.1252687392963243,10.0,1.1218532803993018,9.75
stec8|S2048,59436.0,1.07,12.7,1.0864912495211456,9.25,1.079601117194371,9.25
stec8|S2048,79428.0,1.14,11.92,1.1091458899009008,9.5,1.1015828853337244,9.25
stec8|S2048,102503.0,1.13,11.21,1.123668479473843,9.75,1.1168112654925428,9.5
stec8|S2091B,60737.0,1.33,12.06,1.3609413561271482,11.75,1.4330461470757054,12.5
stec8|S2091B,80541.0,1.37,12.86,1.4152671269818518,12.75,1.4518293487402745,13.25
stec8|S2091B,100312.0,1.39,11.67,1.4286508939796367,13.25,1.455710206427673,13.5
stec8|S3010,60287.0,1.13,11.02,1.2717654657904716,10.75,1.331133915692242,11.5
stec8|S3010,81074.0,1.16,11.13,1.349251998818233,12.0,1.3805501048064333,12.5
stec8|S3010,100031.0,1.19,11.03,1.3623490871790584,12.5,1.381068233440967,12.75
stec8|S3014,60984.0,1.1,11.01,1.1972725605149583,10.75,1.2239134304634054,11.0
stec8|S3014,81101.0,1.18,13.42,1.23165153167584,11.5,1.2450991328894316,11.75
stec8|S3014,101176.0,1.15,11.52,1.2441242913891641,12.0,1.2503590880073214,12.0
stec8|S3021A,59791.0,1.13,11.82,1.19534434555701,11.25,1.2218627626224325,11.75
stec8|S3021A,79818.0,1.14,10.63,1.2229400822554521,11.75,1.2340240449748885,12.0
stec8|S3021A,101568.0,1.16,11.42,1.236102947678666,12.0,1.2421559785995673,12.25
stec8|S4061B,63445.0,1.27,12.96,1.2962426278088173,12.0,1.3219702286943127,12.75
stec8|S4061B,82091.0,1.24,12.04,1.3184154884482326,12.5,1.331566894750447,12.75
stec8|S4061B,99369.0,1.26,12.04,1.330016189738701,12.75,1.3393898783565958,12.75
stec8|S4233,58948.0,1.25,11.23,1.1848101173131602,11.75,1.2461870396358492,14.75
stec8|S4233,78980.0,1.28,10.95,1.2682664261311594,10.5,1.2924620325910223,10.25
stec8|S4233,101072.0,1.27,10.65,1.279388360707309,10.0,1.293320975382698,9.75
stec8|SD2030,59269.0,1.08,12.22,1.1118811002792108,9.5,1.1156081528072512,9.5
stec8|SD2030,81322.0,1.08,11.11,1.1438058988419226,10.0,1.1457224301895652,10.0
stec8|SD2030,98952.0,1.2,11.87,1.1596731494894619,10.25,1.1611279611211762,10.0
stec8|SD5060,60006.0,0.99,10.69,1.1904292440493562,10.25,1.2112305192980413,10.5
stec8|SD5060,81305.0,1.07,11.81,1.2506901209425265,11.0,1.265433895232023,11.25
stec8|SD5060,100153.0,1.09,11.81,1.2794571557010388,11.5,1.291380374414138,11.5
stec8|SD6060,59540.0,1.0,12.6,1.0836506719711774,10.25,1.1086352112806708,10.5
stec8|SD6060,79464.0,1.01,12.18,1.114389305876392,10.75,1.1301412829107103,10.5
stec8|SD6060,99307.0,1.13,12.73,1.129644654516703,10.75,1.1413052744648475,10.75
stec8|SD7003,58713.0,0.97,10.28,1.0584904515084108,9.25,1.068681541609287,9.5
stec8|SD7003,79856.0,1.02,10.99,1.1143683417757255,9.75,1.1154941539625227,10.0
stec8|SD7003,104113.0,1.05,10.71,1.154909299348304,10.25,1.1540031035554041,10.25
stec8|SD7043,59735.0,1.27,11.06,1.343533577182898,10.5,1.3775074709557993,10.75
stec8|SD7043,78828.0,1.33,11.85,1.3968065421674463,11.0,1.4215721168863873,11.25
stec8|SD7043,98939.0,1.36,12.65,1.4280329688249944,11.5,1.4429177746833506,11.5
stec8|SD7080,58670.0,1.05,12.2,1.2099532303833673,10.5,1.2313179768589524,10.75
stec8|SD7080,80288.0,1.07,12.95,1.2519336686924953,11.25,1.2634897811711263,11.5
stec8|SD7080,101979.0,1.14,13.61,1.2706420077871967,11.5,1.275532777316957,11.75
stec8|SD7084,60910.0,1.07,11.02,1.172330210368832,10.75,1.1947948826263637,11.25
stec8|SD7084,80516.0,1.09,11.81,1.205424048041395,11.5,1.2156325829592578,11.75
stec8|SD7084,100579.0,1.1,12.31,1.2190042474995175,11.75,1.225574072926285,12.0
stec8|SD7090,61000.0,1.02,10.98,1.1471966082524858,10.25,1.170631456302691,10.75
stec8|SD7090,75702.0,1.13,11.02,1.193365283709984,11.0,1.2123034189154092,11.25
stec8|SD7090,99709.0,1.05,10.6,1.233488073771232,11.5,1.2495911569639155,11.75
stec8|SD8000,60113.0,1.04,9.9,1.0844276410198783,9.25,1.0867966677919143,9.5
stec8|SD8000,80397.0,1.05,10.31,1.1265256249056133,9.75,1.1253454297437315,9.75
stec8|SD8000,101595.0,1.12,10.62,1.1560592529771936,10.25,1.1528220390660149,10.0
stec8|SD8020,40823.0,0.63,13.31,0.8122749659524491,20.0,0.8122683569683892,20.0
stec8|SD8020,59089.0,0.79,8.55,0.8343785522038603,8.5,0.8322206713423707,8.75
stec8|SD8020,80630.0,0.86,10.95,0.8662258608719492,9.0,0.8653204523982617,9.0
stec8|SD8020,100340.0,0.81,9.87,0.8871074962907697,9.25,0.887415338694788,9.25
stec8|SPICA,79299.0,1.37,16.06,1.4426323637797087,12.5,1.5267410891144058,13.0
stec8|SPICA,99349.0,1.43,14.48,1.5250258028653518,13.0,1.5588076664068473,13.0
stec8|SPICA,150743.0,1.44,14.08,1.515939790940853,13.0,1.532566904970316,13.25
stec8|WB135/35,39067.0,1.18,14.73,0.8829839471221024,19.75,0.8907694702270567,18.5
stec8|WB135/35,60025.0,1.23,16.75,1.145541521282988,9.0,1.226670538573519,9.25
stec8|WB135/35,82026.0,1.27,10.65,1.3399968178635457,10.75,1.3829294400988965,10.75
stec8|WB135/35,101095.0,1.27,11.04,1.3368056792609622,10.75,1.364752404457532,10.5
vol1|A18,30500.0,1.124,10.86,1.1929143378964209,9.0,1.2345137677420837,9.0
vol1|A18,40300.0,1.142,11.97,1.24718679284385,9.25,1.2622924566589664,9.25
vol1|A18,61000.0,1.195,15.04,1.2893743129897783,9.5,1.2993444018591438,9.25
vol1|A18,101700.0,1.163,11.96,1.3181273955302597,9.75,1.3259148466875579,9.5
vol1|A18,202700.0,1.223,12.61,1.3537464170781885,10.25,1.3610543332252445,10.0
vol1|A18,303200.0,1.228,13.33,1.3840019126534595,10.5,1.3904989659870084,10.25
vol1|BE50,30600.0,1.1,19.36,1.0562773701625319,17.25,1.0872090455898935,7.25
vol1|BE50,40100.0,1.147,10.17,1.2586379144384383,9.25,1.301947014787985,9.5
vol1|BE50,62200.0,1.223,12.02,1.3660512072906772,10.75,1.3859859010740394,11.25
vol1|BE50,101700.0,1.202,12.06,1.4075259849745962,11.25,1.4226182295236303,11.25
vol1|BE50,202800.0,1.217,11.9,1.4330747606812333,11.75,1.4366144897484667,11.75
vol1|BE50,303900.0,1.233,11.88,1.4496460168472374,12.0,1.4432742065256148,12.25
vol1|E374 (B),61300.0,1.079,14.02,1.0820662107274774,10.75,1.110443491656163,10.75
vol1|E374 (B),102100.0,1.052,12.07,1.1150238184180004,11.0,1.135365437416962,10.75
vol1|E374 (B),152900.0,1.082,12.97,1.1247852756461894,11.25,1.1403997347098975,11.0
vol1|E374 (B),203500.0,1.084,13.05,1.1320462569188494,11.75,1.1443990896609915,11.5
vol1|E374 (B),305000.0,1.117,12.03,1.1470007292117228,12.25,1.1541924067468283,12.25
vol1|E387 (A),30100.0,1.269,13.94,0.9727775279659432,11.0,1.1327544903949303,11.5
vol1|E387 (A),40500.0,1.216,13.6,1.164425614854376,11.0,1.2426556500037875,11.25
vol1|E387 (A),50800.0,1.216,14.54,1.2138209980959012,11.25,1.247085987637247,11.25
vol1|E387 (A),61300.0,1.247,12.97,1.238464838141108,11.25,1.2600970297285168,11.25
vol1|E387 (A),101900.0,1.202,11.69,1.2756557580046652,11.5,1.2972711380826891,11.25
vol1|E387 (A),152600.0,1.21,14.38,1.2846445978136432,11.5,1.2945611557027406,11.25
vol1|E387 (A),203100.0,1.225,14.59,1.2866133311156158,11.5,1.2879771124624342,11.5
vol1|E387 (A),304400.0,1.263,14.45,1.29206133269487,11.75,1.2867871047474353,11.75
vol1|FX 63-137 (B),61500.0,1.216,20.58,1.6054296038712352,12.5,1.7085617977218719,13.0
vol1|FX 63-137 (B),80400.0,1.669,14.66,1.698600017254833,11.25,1.7206055045836333,10.75
vol1|FX 63-137 (B),89800.0,1.688,13.7,1.7114301336332796,10.75,1.7241865554023987,10.5
vol1|FX 63-137 (B),101700.0,1.707,15.48,1.718801425353229,10.5,1.7262762502020657,10.25
vol1|FX 63-137 (B),149500.0,1.695,14.79,1.7206842614986617,10.5,1.725392041171459,10.25
vol1|FX 63-137 (B),202700.0,1.726,15.69,1.7240917800521152,11.0,1.730679531781015,10.25
vol1|FX 63-137 (B),252800.0,1.736,15.67,1.734000898930343,11.75,1.7369819450963992,10.5
vol1|FX 63-137 (B),303400.0,1.748,18.65,1.7476461794313094,12.5,1.7458625920200412,11.25
vol1|GEMINI,102200.0,1.201,11.09,1.1950455761241263,10.25,1.213792486361126,10.0
vol1|GEMINI,204400.0,1.151,11.04,1.161534808500781,9.75,1.1628115815017583,9.5
vol1|GEMINI,305600.0,1.143,15.35,1.1524028349397342,9.5,1.1531459731379607,9.25
vol1|GM15,30600.0,1.437,14.96,1.2240508824742429,9.5,1.2942900567733955,9.75
vol1|GM15,40200.0,1.349,16.0,1.306430397014905,9.5,1.3288832138290174,9.75
vol1|GM15,60900.0,1.339,11.93,1.3513633818235868,9.75,1.3663524110625287,9.5
vol1|GM15,101200.0,1.334,13.13,1.3732590107280598,9.75,1.3916811918386331,9.5
vol1|GM15,201800.0,1.373,12.14,1.3899380213495791,10.0,1.4033161916253265,9.75
vol1|K3311,61300.0,1.201,12.55,1.256226393941993,12.25,1.2958427679122313,12.75
vol1|K3311,101700.0,1.209,11.07,1.2897904744282227,13.0,1.3081634634286672,13.25
vol1|K3311,203300.0,1.203,12.82,1.2915829078358865,13.75,1.3034751743705615,14.0
vol1|K3311,304600.0,1.188,12.92,1.2994785017689878,13.75,1.300438766878269,14.25
vol1|MA409,30600.0,1.093,11.19,1.0890043247468282,8.5,1.1122216750022442,8.5
vol1|MA409,40400.0,1.069,11.18,1.1340040410886434,8.75,1.136260347053522,8.5
vol1|MA409,61100.0,1.024,11.16,1.159557734250078,8.75,1.1602316366890464,8.5
vol1|MA409,101800.0,1.048,11.15,1.165251258295511,9.0,1.1674575239888738,8.5
vol1|MA409,203000.0,1.08,10.92,1.1739220974279796,9.25,1.1743013889291751,8.5
vol1|MA409,304000.0,1.095,12.39,1.1858345586096706,9.25,1.1882603830414133,8.75
vol1|MH45,61400.0,1.119,12.12,1.0853875955435281,10.25,1.1227951138124002,10.75
vol1|MH45,102100.0,1.104,12.37,1.1629627704318366,11.5,1.177361505420458,11.5
vol1|MH45,203700.0,1.146,10.67,1.2056050078307965,12.75,1.2174053478726652,12.75
vol1|MH45,304900.0,1.177,10.77,1.2262496252653081,13.25,1.2324787410016529,13.5
vol1|NACA 6409,61300.0,1.426,11.16,1.4557969147256238,12.75,1.5084542622936974,13.0
vol1|NACA 6409,101600.0,1.445,11.04,1.5016874251754708,13.25,1.5413980798430715,13.0
vol1|NACA 6409,202400.0,1.436,10.05,1.490098569615917,14.25,1.5323355530085239,14.0
vol1|NACA 64A010,22100.0,0.989,18.26,0.8240027079042263,20.0,0.8267397444686846,20.0
vol1|NACA 64A010,30600.0,0.858,11.08,0.8209237350458385,20.0,0.82541938957096,20.0
vol1|NACA 64A010,40600.0,0.869,11.24,0.8177281579678257,20.0,0.8233096233287879,20.0
vol1|NACA 64A010,50600.0,0.852,18.14,0.8160088269721699,20.0,0.8213558864210084,20.0
vol1|NACA 64A010,60900.0,0.859,12.71,0.8090914661313466,20.0,0.8198371045123358,20.0
vol1|NACA 64A010,80800.0,0.83,10.7,0.8000051852983332,20.0,0.818186040336092,20.0
vol1|NACA 64A010,101000.0,0.828,10.79,0.8027778456835404,20.0,0.8175640960910934,20.0
vol1|NACA 64A010,204000.0,0.859,10.7,0.8139554405483619,20.0,0.8193050326395388,20.0
vol1|NACA 64A010,305400.0,0.868,10.78,0.8144611540968815,20.0,0.8208424216648932,20.0
vol1|R140 (A),102300.0,0.855,12.54,0.8225996294820912,8.5,0.8256635448596922,8.0
vol1|R140 (A),204200.0,0.862,12.61,0.8312016589844287,9.0,0.815600332695818,8.0
vol1|R140 (A),306000.0,0.886,12.45,0.8408086856838252,9.0,0.8281191807952689,8.25
vol1|RG15 (B),61400.0,1.067,13.49,1.085633301924672,9.5,1.0863842483388189,9.5
vol1|RG15 (B),101900.0,1.067,11.84,1.1244679533258721,10.0,1.1211184667611915,9.75
vol1|RG15 (B),152700.0,1.073,12.12,1.1491961970728204,10.25,1.14488396450079,10.0
vol1|RG15 (B),203500.0,1.081,11.98,1.16801337246353,10.5,1.1628411819365516,10.25
vol1|RG15 (B),304700.0,1.139,12.01,1.19908737956292,11.0,1.1926414636347016,10.75
vol1|S1210,61100.0,1.291,19.0,1.6842239597826436,12.0,1.8553107967510496,12.5
vol1|S1210,81200.0,1.796,14.34,1.882509108054576,12.75,1.9157057021018147,13.25
vol1|S1210,91300.0,1.78,14.31,1.9001003255637525,12.75,1.9121189863781058,13.25
vol1|S1210,101500.0,1.812,13.34,1.903270492945172,12.75,1.908164097075794,13.25
vol1|S1210,151900.0,1.811,14.12,1.8967988597024783,12.5,1.8889157428573387,13.0
vol1|S1210,201800.0,1.841,15.09,1.9010441005855137,12.0,1.891412091000123,12.5
vol1|S1210,252100.0,1.862,14.52,1.9139978112311027,12.25,1.907197495629844,12.5
vol1|S1210,302500.0,1.881,20.21,1.9303073876806063,12.25,1.9275299981890852,12.75
vol1|S1223,59800.0,1.86,15.67,1.426328275431413,4.25,1.541281322883734,4.5
vol1|S1223,61000.0,1.391,19.96,1.448692196474818,4.5,1.564639254445838,4.75
vol1|S1223,79600.0,1.999,16.72,1.7149312631292328,6.75,1.7918657101396065,6.75
vol1|S1223,98400.0,2.041,16.72,1.9754025465965543,10.75,2.0525763484498114,12.75
vol1|S1223,101600.0,1.544,6.66,2.0287000155198456,11.5,2.091498009709903,12.5
vol1|S1223,122600.0,1.668,8.61,2.158844649723024,12.0,2.18274569431759,12.0
vol1|S1223,123900.0,2.102,17.7,2.1617978929202852,12.0,2.1853530618899724,12.0
vol1|S1223,147400.0,2.164,16.76,2.190052368201727,12.0,2.2156554740431815,11.75
vol1|S1223,147900.0,2.191,19.74,2.190323912830635,12.0,2.2160407263593234,11.75
vol1|S1223,171400.0,2.175,16.78,2.19599216763607,12.0,2.2267029685499975,11.75
vol1|S1223,173200.0,2.224,18.75,2.196056861642308,12.0,2.2270665049360416,11.75
vol1|S1223,197200.0,2.271,19.76,2.1951150139700055,12.25,2.2286526157228757,12.0
vol1|S1223,198100.0,2.188,16.93,2.195061934062063,12.25,2.2286478925016104,12.0
vol1|S1223,251900.0,2.199,15.89,2.1927109869663117,12.25,2.2252496748416712,12.0
vol1|S1223,302200.0,2.212,15.62,2.195193079637216,12.5,2.2237902062224295,12.25
vol1|S6062,101900.0,1.038,11.54,1.01386730444465,9.0,1.0030966810212023,9.0
vol1|S6062,203100.0,1.105,11.33,1.0551511033504073,9.5,1.0497993151383491,9.5
vol1|S6062,304000.0,1.126,12.7,1.1098281664804461,10.25,1.1120893875063558,10.25
vol1|S7012 (B),61100.0,1.097,12.6,1.1133024167441188,9.75,1.1200864177869925,9.75
vol1|S7012 (B),102000.0,1.083,11.09,1.1488431426318515,10.0,1.1485815523531575,9.75
vol1|S7012 (B),152600.0,1.107,11.18,1.1658836611695922,10.25,1.1610941985977596,10.0
vol1|S7012 (B),203200.0,1.09,12.51,1.1761609722351414,10.25,1.1691537380255121,10.25
vol1|S7012 (B),304700.0,1.143,12.43,1.1947442872772132,10.5,1.1876242534367667,10.5
vol1|S7055,61100.0,1.237,11.37,1.2574726134054195,10.5,1.2852911360190633,13.25
vol1|S7055,101600.0,1.232,9.89,1.2848423622186878,13.5,1.2934458392081059,13.75
vol1|S7055,152200.0,1.223,11.01,1.2877589768334954,14.0,1.2952498058812518,14.0
vol1|S7055,202800.0,1.207,11.54,1.2864733236656007,14.25,1.2885470850548644,14.5
vol1|S7055,303800.0,1.203,11.37,1.294481399716822,13.75,1.282317708802372,14.5
vol1|SD6060,61100.0,1.103,13.05,1.0867008532414333,10.25,1.1110321805548493,10.5
vol1|SD6060,100300.0,1.069,13.01,1.1301261347534681,10.75,1.1418117318371883,10.75
vol1|SD6060,152900.0,1.066,13.34,1.1519863800834154,11.25,1.1620189641709817,11.0
vol1|SD6060,203600.0,1.101,13.33,1.166381593669207,11.75,1.176226030554119,11.5
vol1|SD6060,304900.0,1.117,14.15,1.1912762726237116,12.5,1.1992101732284637,12.5
vol1|SD7003,61200.0,1.032,10.71,1.0670451392107243,9.25,1.074677777393613,9.5
vol1|SD7003,102200.0,1.086,10.59,1.1524711113407138,10.25,1.1514853989637457,10.25
vol1|SD7003,203400.0,1.11,10.54,1.2457811680277007,11.5,1.2476526785462356,11.5
vol1|SD7003,304600.0,1.133,10.62,1.2979079965124232,12.25,1.2989014743007787,12.5
vol1|SD7032 (D),61200.0,1.321,13.14,1.3843050414113869,11.5,1.4365650085287824,12.0
vol1|SD7032 (D),101500.0,1.359,12.74,1.4364148945353075,12.75,1.4571785427716313,13.0
vol1|SD7032 (D),152300.0,1.36,11.62,1.4317348177254852,13.25,1.4364130619345892,13.75
vol1|SD7032 (D),202400.0,1.38,13.08,1.4421116679662591,13.25,1.4347474910082283,13.25
vol1|SD7032 (D),303700.0,1.391,13.16,1.4835854306365082,13.25,1.4998789764355116,13.25
vol1|SD7032 (E),203100.0,1.322,12.57,1.4423759977359971,13.25,1.4351283095386402,13.25
vol1|SD7037 (A),61400.0,1.212,12.16,1.2718601419411297,11.0,1.2946784323668792,11.25
vol1|SD7037 (A),102000.0,1.192,12.26,1.3075451410837577,12.0,1.310916032703281,12.25
vol1|SD7037 (A),203000.0,1.192,12.31,1.32534554853428,13.0,1.317993394942269,13.25
vol1|SD7037 (A),304200.0,1.215,12.36,1.3403453406654,13.0,1.3235674335049115,13.5
vol1|SD7037 (B),61200.0,1.216,12.83,1.27142063775923,11.0,1.2945061399826818,11.25
vol1|SD7037 (B),101700.0,1.244,12.5,1.3074408103858608,12.0,1.3108567793843962,12.25
vol1|SD7037 (B),152600.0,1.273,12.48,1.318503746552242,12.75,1.315773893358635,12.75
vol1|SD7037 (B),202900.0,1.286,12.47,1.3253320675334088,13.0,1.3179890460400772,13.25
vol1|SD7037 (B),304400.0,1.277,12.48,1.3403792735248015,13.0,1.323584261110529,13.5
vol1|SD8000,61300.0,1.137,11.48,1.0877998706448224,9.5,1.0893808999172825,9.5
vol1|SD8000,101800.0,1.107,11.41,1.1563193785188721,10.25,1.1530357204819517,10.0
vol1|SD8000,202800.0,1.186,11.83,1.2382300827880266,11.25,1.2381162375854926,11.25
vol1|SD8000,304300.0,1.205,11.52,1.2891338601283353,12.25,1.2862156354440102,12.25
vol1|SD8020,30500.0,0.862,17.7,0.8156397372046105,20.0,0.8147803166888999,20.0
vol1|SD8020,39100.0,0.879,17.27,0.8127612425120091,20.0,0.8127219433498696,20.0
vol1|SD8020,52400.0,0.919,17.73,0.820964060893573,8.5,0.8211186458575687,8.75
vol1|SD8020,60600.0,0.855,17.34,0.8366422166330015,8.75,0.8347148620923807,8.75
vol1|SD8020,81100.0,0.837,16.67,0.8667884140913508,9.0,0.8659290807813261,9.0
vol1|SD8020,101800.0,0.886,17.7,0.8884003966659101,9.25,0.8888321922517001,9.25
vol1|SD8020,204200.0,0.86,10.26,0.9596760129730986,10.25,0.9616957258693997,10.25
vol1|SD8020,305600.0,0.882,10.21,1.010304541919224,11.0,1.009441885930951,11.0
vol1|WASP,61100.0,1.254,12.56,1.2693566750721264,11.0,1.298179794461181,11.75
vol1|WASP,101900.0,1.243,12.59,1.3114349359968527,12.25,1.32321540881854,12.75
vol1|WASP,203200.0,1.229,11.06,1.3261275571773787,13.25,1.3294618551746031,13.5
vol1|WASP,304100.0,1.235,11.3,1.3426711957132136,13.0,1.3322438229814584,13.75
vol2|CR-001,60100.0,1.271,11.98,1.3420145527771399,10.5,1.355467152978913,10.5
vol2|CR-001,100100.0,1.29,11.32,1.381142455645241,11.0,1.387591504772254,10.75
vol2|CR-001,200300.0,1.296,11.33,1.4068412981637513,11.5,1.404532755101734,11.5
vol2|CR-001,300700.0,1.322,11.35,1.4251441836459295,12.0,1.4185374056446558,12.0
vol2|DU 86-084/18,60200.0,0.954,11.46,0.8961582929672364,8.5,0.8782019370010217,8.5
vol2|DU 86-084/18,100600.0,0.97,11.82,0.9232295788449782,9.0,0.9057113262699868,8.75
vol2|DU 86-084/18,201300.0,1.003,11.89,0.9615275796542779,9.5,0.944289650707992,9.25
vol2|DU 86-084/18,301600.0,1.017,11.33,0.9971496027220578,9.75,0.9832859446700201,9.75
vol2|E374 (B),60300.0,1.039,11.98,1.0803737669236788,10.5,1.1092147045668475,10.75
vol2|E374 (B),100700.0,1.053,12.06,1.1146024861606487,11.0,1.135069296944585,10.75
vol2|E374 (B),201300.0,1.095,13.13,1.13165916766921,11.75,1.1442760351742134,11.5
vol2|E374 (B),301900.0,1.128,12.04,1.1465551991449494,12.25,1.1539112304246513,12.25
vol2|E423,60200.0,1.235,18.06,1.1826392031933715,16.75,1.1813168694350176,16.75
vol2|E423,100300.0,1.246,17.2,1.5376567930075908,17.0,1.5388449225097902,17.75
vol2|E423,199400.0,2.058,15.43,1.9929969761509667,12.0,2.01580901861059,11.5
vol2|E423,299500.0,2.021,13.54,1.9964338075030315,12.25,2.0195428356303986,12.25
vol2|M6 (65%),60700.0,0.888,10.64,1.1339506815445408,12.0,1.1917580960878054,12.5
vol2|M6 (65%),101000.0,0.9,11.67,1.1965676109091479,13.25,1.2171666456343577,13.5
vol2|M6 (65%),201700.0,0.938,11.02,1.2053285143589054,14.75,1.2133599481424846,14.75
vol2|M6 (65%),302200.0,0.966,10.95,1.2116736825417476,14.75,1.2091472454618954,15.25
vol2|M6 (85%),60600.0,1.013,12.64,1.1335421940516774,12.0,1.1915807819890774,12.5
vol2|M6 (85%),100700.0,1.02,12.18,1.1963561776682183,13.25,1.2171138144445373,13.5
vol2|M6 (85%),201300.0,1.034,13.15,1.2053293530898683,14.75,1.2134100783257509,14.75
vol2|M6 (85%),302100.0,1.057,13.48,1.2116586476676638,14.75,1.2091436556320452,15.25
vol2|MH32,60100.0,1.153,11.86,1.1400718830287437,10.0,1.147314663469925,10.0
vol2|MH32,100400.0,1.16,11.76,1.1772447220157407,10.5,1.1766485034704814,10.25
vol2|MH32,200700.0,1.177,12.74,1.204261538567255,11.0,1.197544696964711,10.75
vol2|MH32,301100.0,1.207,12.77,1.223843778759918,11.25,1.2135393517246302,11.25
vol2|NACA 2414,60700.0,1.14,13.8,1.1933342929997899,11.5,1.2500661137690685,12.0
vol2|NACA 2414,100900.0,1.169,13.82,1.2895196459357412,13.25,1.3185949183990298,13.5
vol2|NACA 2414,201800.0,1.182,14.51,1.3152695243686123,15.0,1.3287074806954424,15.25
vol2|NACA 2414,302500.0,1.228,15.74,1.3166888899912326,15.25,1.3196598905432315,15.75
vol2|NACA 2415,60700.0,1.149,13.7,1.194864537289908,11.75,1.263202630351993,12.25
vol2|NACA 2415,101100.0,1.188,13.65,1.3070361081410786,13.75,1.3386137847561812,14.0
vol2|NACA 2415,201700.0,1.226,14.79,1.3202244841490165,15.5,1.3288364902158876,15.75
vol2|NACA 2415,302500.0,1.303,16.68,1.3229956241382488,15.25,1.3134077987627153,15.75
vol2|S4083 (A),60200.0,1.315,13.04,1.2881788884310121,10.75,1.3166460794781867,11.5
vol2|S4083 (A),100600.0,1.334,11.87,1.336794172404516,11.5,1.3512369042420813,11.75
vol2|S4083 (A),200300.0,1.338,11.98,1.360873348293084,12.0,1.3624609902503224,12.5
vol2|S4083 (A),300900.0,1.344,11.9,1.3763639973743529,12.25,1.3677423285904617,12.75
vol2|S4083 (B),60000.0,1.223,12.26,1.287609097782215,10.75,1.3163628985018365,11.5
vol2|S4083 (B),100200.0,1.26,11.74,1.3365993871864896,11.5,1.351049632028338,11.75
vol2|S4083 (B),200300.0,1.267,10.65,1.360873348293084,12.0,1.3624609902503224,12.5
vol2|S4083 (B),300300.0,1.288,10.71,1.3762615945497219,12.25,1.3676969240577566,12.75
vol2|S5010,60400.0,1.133,12.64,1.1145401532834933,10.5,1.1817878172471845,11.0
vol2|S5010,100800.0,1.121,12.71,1.217568626110174,12.25,1.2404937780074332,12.5
vol2|S5010,201500.0,1.137,13.65,1.236928675761992,13.25,1.2440827019402754,13.75
vol2|S5010,302300.0,1.165,14.67,1.2573191886208184,13.25,1.2496841866480002,13.75
vol2|S7012 (B),60700.0,1.137,11.41,1.1126482977106464,9.75,1.1195874883528394,9.75
vol2|S7012 (B),100600.0,1.087,11.3,1.148242330653414,10.0,1.1480928156228685,9.75
vol2|S7012 (B),201000.0,1.121,11.76,1.1757905000853544,10.25,1.168688564253704,10.25
vol2|S7012 (B),301400.0,1.151,12.53,1.1941982712513,10.5,1.1870061581987474,10.5
vol2|S8025,60300.0,0.911,16.39,0.8743288981969108,20.0,0.8711569486085231,20.0
vol2|S8025,100600.0,0.91,10.1,0.9210631100323897,9.0,0.9164251147939583,9.0
vol2|S8025,201500.0,0.976,10.45,1.0185056633279266,10.25,1.0165163635949936,10.25
vol2|S8025,302000.0,1.007,10.93,1.085478977835008,11.0,1.0846500115454587,11.0
vol2|SD7037 (B),60300.0,1.199,12.94,1.269326268952939,11.0,1.2936328297405384,11.25
vol2|SD7037 (B),100200.0,1.242,12.78,1.3068849503732012,12.0,1.3105438102339866,12.25
vol2|SD7037 (B),200600.0,1.276,12.43,1.3250208546109525,13.0,1.3178853024640638,13.25
vol2|SD7037 (B),300900.0,1.3,12.42,1.3397876968739948,13.0,1.3232939145119877,13.5
vol2|SD7037 (C),60300.0,1.243,13.09,1.269326268952939,11.0,1.2936328297405384,11.25
vol2|SD7037 (C),100700.0,1.251,12.14,1.3070767222274777,12.0,1.3106512243095338,12.25
vol2|SD7037 (C),201000.0,1.278,12.03,1.3250751497376956,13.0,1.3179038807108006,13.25
vol2|SD7037 (C),301100.0,1.28,11.98,1.3398213718758327,13.0,1.3233102705268454,13.5
vol3|Avistar,100900.0,1.047,14.22,1.2324331647082838,14.25,1.259563238382596,14.25
vol3|Avistar,201600.0,1.038,14.65,1.2273721418715524,15.5,1.2461397578141449,15.5
vol3|Avistar,302500.0,1.118,14.75,1.2188630822280622,15.5,1.2231019998186614,15.75
vol3|Avistar,403100.0,1.208,14.81,1.2304536474132002,15.0,1.2192178852007365,15.5
vol3|Avistar,504100.0,1.199,14.33,1.2551430080437462,14.5,1.2387759165488463,14.5
vol3|BW-3,60000.0,1.327,13.0,1.4042554056096448,9.5,1.4183997776977078,9.25
vol3|BW-3,100000.0,1.355,12.87,1.4302218642223863,9.75,1.4383104062170258,9.25
vol3|BW-3,200100.0,1.413,11.84,1.4715317959741394,10.25,1.4879520637373251,10.0
vol3|BW-3,299500.0,1.443,11.72,1.5105518186473865,11.0,1.5270978664123998,10.75
vol3|BW-3,399300.0,1.441,11.66,1.5457064248863683,11.5,1.5568020691209379,11.5
vol3|Clark-Y (B),60900.0,1.25,14.59,1.3343239478121556,11.5,1.3952017266680534,11.75
vol3|Clark-Y (B),100700.0,1.301,14.54,1.3806612834900176,11.75,1.3860860247574975,11.25
vol3|Clark-Y (B),201100.0,1.325,15.96,1.3712059012176412,12.0,1.3725959179188094,11.5
vol3|Clark-Y (B),301500.0,1.354,14.72,1.3812182554002332,12.25,1.3835401323115,11.75
vol3|Clark-Y (B),401900.0,1.351,14.68,1.4014898332036323,13.25,1.3991571925131048,12.75
vol3|DH4009,101100.0,0.807,10.97,0.823429448298706,20.0,0.8314545365571546,20.0
vol3|DH4009,201900.0,0.832,10.25,0.8345961785902435,20.0,0.8361745876655764,20.0
vol3|DH4009,302500.0,0.853,9.98,0.8368552128901084,20.0,0.838951474965524,20.0
vol3|DH4009,403100.0,0.996,17.76,0.8377294269024208,20.0,0.8401600998623959,20.0
vol3|E231,61100.0,1.03,12.26,1.126190564967359,12.0,1.1581119918421199,12.25
vol3|E231,100800.0,1.106,13.27,1.1574791539492364,13.0,1.1703142055510085,13.0
vol3|E231,201400.0,1.14,13.12,1.162559830380866,14.25,1.1702101765354986,14.25
vol3|E231,301500.0,1.157,12.4,1.1697349998785929,14.5,1.1697676718413177,14.75
vol3|E231,402800.0,1.168,13.19,1.1861000196855385,14.5,1.178577918687115,14.75
vol3|E374 (B),60800.0,1.082,11.73,1.0811789759348844,10.75,1.1098327809885438,10.75
vol3|E374 (B),100600.0,1.033,13.42,1.1145714669706057,11.0,1.1350472664622868,10.75
vol3|E374 (B),201400.0,1.105,13.2,1.1316770744274354,11.75,1.1442821647751087,11.5
vol3|E374 (B),302100.0,1.171,12.39,1.1465843307958485,12.25,1.1539300765753555,12.25
vol3|E387 (C),60043.0,1.233,12.23,1.2361241672717127,11.25,1.2582958463716756,11.25
vol3|E387 (C),99865.0,1.212,11.75,1.274861210792302,11.5,1.2966699241032393,11.25
vol3|E387 (C),199970.0,1.256,14.61,1.2865113859688027,11.5,1.2882480916666905,11.5
vol3|E387 (C),299917.0,1.332,15.04,1.2917227594343188,11.75,1.2866452494009954,11.75
vol3|E387 (C),459546.0,1.289,14.59,1.3052827968418692,11.75,1.2953611384628898,12.0
vol3|E387 (D),60019.0,1.236,11.94,1.2360784741639148,11.25,1.2582617527967277,11.25
vol3|E387 (D),199878.0,1.243,11.58,1.286508412617803,11.5,1.288256233842518,11.5
vol3|E472,101000.0,0.815,18.75,0.9103790756558725,9.0,0.889430961353486,8.5
vol3|E472,202200.0,1.083,11.58,1.2213733953516959,13.25,1.227530454730512,13.5
vol3|E472,303100.0,1.25,13.82,1.266299579202137,13.75,1.2670294547771168,13.5
vol3|E472,403500.0,1.272,13.71,1.3058186446851985,14.0,1.307448933731392,13.75
vol3|E472,504600.0,1.297,13.99,1.3381915299419926,14.25,1.3405337162336566,14.0
vol3|Goe 417a,60200.0,1.396,13.6,1.4054643314469761,10.75,1.4338065427786202,11.0
vol3|Goe 417a,100000.0,1.356,12.93,1.4305539315618336,11.5,1.448893419179759,11.75
vol3|Goe 417a,199700.0,1.371,12.43,1.437939606933534,12.5,1.4431651765577356,12.75
vol3|Goe 417a,299700.0,1.397,11.73,1.4490516540350893,12.75,1.4504891478360487,13.0
vol3|LRN1007 (B),60000.0,1.351,16.4,1.2877707663140008,11.0,1.231004679168076,8.5
vol3|LRN1007 (B),100400.0,1.39,16.53,1.31499771714508,10.75,1.2529716548455698,10.0
vol3|LRN1007 (B),200200.0,1.429,16.14,1.305247561926811,10.5,1.2700125603401402,10.0
vol3|LRN1007 (B),300400.0,1.481,15.66,1.3034387084803785,10.25,1.2762672274335758,10.25
vol3|PT-40 (A),100800.0,1.224,12.51,1.369682283946499,12.0,1.3912776886395997,12.25
vol3|PT-40 (A),201300.0,1.267,14.37,1.4752305858699177,14.5,1.4839061335624097,14.5
vol3|PT-40 (A),302100.0,1.342,15.47,1.490427098981276,15.25,1.4977168239286855,15.25
vol3|PT-40 (A),402500.0,1.349,15.25,1.50821831348595,15.25,1.5062643113801228,15.5
vol3|PT-40 (B),100900.0,1.232,13.13,1.3699357686825202,12.0,1.3915315224161693,12.25
vol3|PT-40 (B),201200.0,1.287,13.81,1.4751999737552666,14.5,1.4838777476702394,14.5
vol3|PT-40 (B),302000.0,1.335,14.82,1.4904139981949336,15.25,1.4977099727633294,15.25
vol3|RG14,60400.0,0.986,10.49,1.0142728426107648,9.25,1.011735763791164,9.25
vol3|RG14,100700.0,1.042,10.84,1.0483489332986973,9.75,1.0428033900989486,9.5
vol3|RG14,201100.0,1.095,11.12,1.0875785663988653,10.25,1.0806383546653158,10.0
vol3|RG14,301900.0,1.153,12.74,1.1177928667672326,10.5,1.109468861251839,10.5
vol3|S6063,60200.0,0.929,11.19,0.929266628247914,8.0,0.9154537073438401,8.0
vol3|S6063,100500.0,0.929,10.93,0.9480307506501493,8.25,0.9419835943920036,8.25
vol3|S6063,201100.0,0.948,10.77,0.9869433005272664,9.0,0.9830520448531312,9.0
vol3|S6063,302000.0,0.978,11.0,1.040994850436168,9.5,1.0504965005465006,10.0
vol3|S8036,101200.0,1.166,13.82,1.2314232802473963,14.0,1.271971930155015,14.25
vol3|S8036,201900.0,1.258,17.95,1.2106231566045011,15.5,1.2234233742657208,15.75
vol3|S8036,302600.0,1.291,16.61,1.2138997570759638,15.75,1.2125249436438121,15.75
vol3|S8036,403600.0,1.28,15.77,1.235980193526873,15.5,1.2383131122819386,15.75
vol3|S8036,504800.0,1.289,17.71,1.2608634687605833,15.5,1.2694674020640029,15.75
vol3|S8037,101100.0,1.252,14.43,1.2646335699924314,14.0,1.294200672844091,14.5
vol3|S8037,201800.0,1.29,18.55,1.2365683239264256,15.0,1.2488647017641439,15.0
vol3|S8037,302500.0,1.301,17.9,1.2465980813392918,15.0,1.262499884340301,15.25
vol3|S8037,403400.0,1.308,22.4,1.2670892326380159,15.0,1.2905879596946708,15.5
vol3|S8037,504500.0,1.319,20.88,1.2872924937190033,15.0,1.3141804989446906,15.25
vol3|S8052,101000.0,1.182,12.8,1.2278714766192709,12.25,1.2493313422697803,12.25
vol3|S8052,201600.0,1.217,13.82,1.2577720204596998,14.0,1.264797117273522,14.0
vol3|S8052,302100.0,1.255,12.64,1.2762673193181642,14.25,1.2746924294607807,14.5
vol3|S8052,402900.0,1.259,12.66,1.3042206425060976,14.25,1.2999155071708417,14.25
vol3|S8052,503900.0,1.263,12.91,1.3324214971719566,14.5,1.3301476512975485,14.25
vol3|SA7035,60006.0,1.148,11.86,1.2132099276443682,10.5,1.240094433483778,10.75
vol3|SA7035,99908.0,1.176,12.4,1.2725529658096748,11.25,1.2827890106537958,11.0
vol3|SA7035,149946.0,1.188,11.58,1.2956050722035544,11.75,1.3093438822243388,11.75
vol3|SA7035,199814.0,1.212,11.43,1.3082756316438915,12.5,1.3223478650969176,12.5
vol3|SA7035,299769.0,1.252,11.41,1.3405755413686855,13.0,1.3418208480845215,13.0
vol3|SA7036 (A),99979.0,1.222,13.64,1.310327908770627,11.5,1.3219940571536746,11.5
vol3|SA7036 (A),149932.0,1.243,14.59,1.3285773340853242,12.25,1.3385846037978704,12.0
vol3|SA7036 (A),199869.0,1.228,14.44,1.336684802238411,12.75,1.348164479116308,12.75
vol3|SA7036 (A),299899.0,1.259,14.84,1.3570100887903354,13.25,1.3601224491772226,13.5
vol3|SA7036 (B),99946.0,1.292,12.69,1.3103087034636922,11.5,1.321977650026646,11.5
vol3|SA7036 (B),150040.0,1.33,11.95,1.3286031145320252,12.25,1.3385986406885235,12.25
vol3|SA7036 (B),199958.0,1.338,11.71,1.3367000527589674,12.75,1.3481744606557458,12.75
vol3|SA7036 (B),300009.0,1.371,11.6,1.3570412035660409,13.25,1.3601435085280378,13.5
vol3|SA7038,99896.0,1.285,12.27,1.3627007476218063,12.0,1.373304244234858,12.25
vol3|SA7038,149991.0,1.304,11.38,1.3709461896284783,12.75,1.376999373068506,12.75
vol3|SA7038,199856.0,1.321,11.32,1.3750986010836637,13.25,1.3786912350938898,13.25
vol3|SA7038,299943.0,1.352,11.29,1.3926540818597932,13.25,1.3859389503696873,13.75
vol3|SD7037 (D),59200.0,1.188,12.79,1.2669724054923077,10.75,1.292324370456024,11.25
vol3|SD7037 (D),99100.0,1.201,12.06,1.3064391364721903,12.0,1.3102966416139588,12.25
vol3|SD7037 (D),197400.0,1.26,11.69,1.3245833326777607,13.0,1.3177275104389174,13.25
vol3|SD7037 (D),197500.0,1.262,11.95,1.3245971005556467,13.0,1.317732706772619,13.25
vol3|SD7037 (D),296000.0,1.277,10.85,1.3389676503243895,13.0,1.3229019653157434,13.5
vol3|SD7062 (B),60300.0,1.038,19.37,0.9781979906644935,7.0,0.9913028822933205,6.75
vol3|SD7062 (B),100400.0,1.516,13.6,1.5387169530884282,12.75,1.5696562514013535,13.0
vol3|SD7062 (B),201300.0,1.629,15.57,1.5571638820686808,13.75,1.5569743203850712,13.75
vol3|SD7062 (B),301300.0,1.662,16.88,1.5696264985428245,14.0,1.572503903453241,13.75
vol3|SD7062 (B),401400.0,1.664,17.25,1.5911851770709633,14.0,1.5982632070145475,13.75
vol3|SD7080,59972.0,1.144,14.28,1.2138146770868588,10.5,1.234125287505639,10.75
vol3|SD7080,100018.0,1.144,13.46,1.2695165268912074,11.5,1.2747539085008233,11.5
vol3|SD7080,150082.0,1.087,11.69,1.2879453994010666,12.25,1.2886974529907114,12.25
vol3|SD7080,199979.0,1.123,13.62,1.2979308624177028,12.5,1.296811585432259,12.75
vol3|SD7080,300010.0,1.15,13.2,1.3157060872136486,13.0,1.3089371958320044,13.25
vol3|SG6040,100032.0,1.293,14.55,1.316247004079442,14.5,1.3590374709853292,14.75
vol3|SG6040,149935.0,1.333,15.65,1.3242867625047623,15.5,1.3483792306190434,15.5
vol3|SG6040,199981.0,1.353,15.58,1.3139441349958205,15.75,1.3263515294598056,16.0
vol3|SG6040,300055.0,1.386,17.47,1.30489379723548,15.5,1.2951116880762927,16.25
vol3|SG6040,399673.0,1.416,17.65,1.3210093717041715,15.0,1.3015996086320536,15.0
vol3|SG6040,499595.0,1.422,20.73,1.3478742270447792,14.75,1.333398329162067,14.75
vol3|SG6041,99924.0,1.152,11.37,1.204802202939719,11.25,1.2223392655300258,11.25
vol3|SG6041,150078.0,1.167,11.85,1.2320930267067387,12.25,1.2386001885801547,12.0
vol3|SG6041,199973.0,1.222,12.42,1.2452946467185826,12.75,1.243106641207696,12.75
vol3|SG6041,300019.0,1.292,13.5,1.2675874412876402,13.25,1.2595476073525893,13.5
vol3|SG6041,399591.0,1.34,14.39,1.2921973407051488,13.5,1.2821415909536402,13.5
vol3|SG6041,500033.0,1.363,13.98,1.3178881747104423,13.5,1.3077933991622959,13.5
vol3|SG6042,99991.0,1.358,12.89,1.4392778230329357,12.5,1.4718575463645727,12.5
vol3|SG6042,149827.0,1.294,12.77,1.4392106671873228,13.25,1.4609213738888962,13.25
vol3|SG6042,200028.0,1.419,13.89,1.4395099513012366,13.75,1.4493966097394704,13.75
vol3|SG6042,299834.0,1.467,14.49,1.4629664245618983,13.75,1.4645463773399152,13.75
vol3|SG6042,400093.0,1.495,15.48,1.49276930651804,13.75,1.4958171682058545,13.75
vol3|SG6042,499434.0,1.52,15.64,1.518876953863278,14.0,1.5233713037169052,13.75
vol3|SG6043,99911.0,1.519,15.45,1.6177343497971226,13.5,1.660506214882516,13.5
vol3|SG6043,149958.0,1.559,14.5,1.5990033341086347,14.0,1.626299191020216,14.25
vol3|SG6043,199819.0,1.594,14.66,1.592835889806044,14.25,1.6028355673132517,14.5
vol3|SG6043,299800.0,1.654,16.24,1.616654827407549,14.25,1.6194065605527648,14.25
vol3|SG6043,399815.0,1.682,16.4,1.6491853209456167,14.25,1.656830292178419,14.25
vol3|SG6043,499253.0,1.699,15.38,1.6767945526899022,14.25,1.6884736966707363,14.5
vol3|Trainer 60,101700.0,1.185,14.47,1.253460770200387,13.25,1.2936635792138491,13.5
vol3|Trainer 60,202500.0,1.209,13.5,1.3070286607176866,15.0,1.315831408616448,15.5
vol3|Trainer 60,303500.0,1.214,13.65,1.317609207174639,15.25,1.3018971191701247,15.25
vol3|Trainer 60,405000.0,1.19,12.01,1.3438818334796692,15.0,1.3265569553261327,14.75
vol3|Trainer 60,506800.0,1.165,12.1,1.374976374845989,15.0,1.3634263868618905,14.75
vol3|USNPS-4,100800.0,1.429,12.27,1.6693220420643917,13.0,1.7176063604595144,13.25
vol3|USNPS-4,200500.0,1.679,18.05,1.6646865229067802,14.25,1.6798161896722095,14.0
vol3|USNPS-4,300400.0,1.695,18.38,1.6639605671709403,14.5,1.6714882198232572,14.5
vol3|USNPS-4,401800.0,1.697,17.37,1.681966591443698,14.5,1.6927853110600923,14.5
