airfoil,Re,alpha,xfoil_converged,CL_xfoil,CD_xfoil,CL_nf,CD_nf,CD_spread5_counts
oa206,1000000.0,-2.0,1,-0.1928,0.00804,-0.19042177791221293,0.007514347203101961,4.294309592602152
oa206,1000000.0,0.0,1,0.0242,0.00415,0.015139941619614516,0.004179845519038693,15.295716688644001
oa206,1000000.0,2.0,1,0.2307,0.00512,0.22868256071062099,0.005374205949666216,7.399782879417924
oa206,1000000.0,6.0,1,0.6989,0.01057,0.7009337998030682,0.01007622999836605,13.570233157326351
oa206,1000000.0,10.0,1,1.0435,0.0401,1.0873548453505446,0.027848165605917952,23.00602662259236
oa206,5000000.0,-2.0,1,-0.209,0.00572,-0.21236460190935447,0.005696037656176565,4.1119423581022305
oa206,5000000.0,0.0,1,0.0261,0.00591,0.025173502038888684,0.005803621359017185,3.2475658176014424
oa206,5000000.0,2.0,1,0.2625,0.00451,0.26556988643481994,0.004587322754344441,8.205365128784777
oa206,5000000.0,6.0,1,0.7194,0.00742,0.7190313184491972,0.007308724415763564,1.95204555819538
oa206,5000000.0,10.0,1,1.1561,0.0124,1.1593020684748245,0.012272225967524789,3.4841021874980513
goe199,200000.0,-2.0,1,0.2907,0.02649,0.2838902136951525,0.027065720238974085,36.07235213117711
goe199,200000.0,0.0,1,0.489,0.01757,0.5116932242634439,0.015867677870048644,7.901027478102451
goe199,200000.0,2.0,1,0.7245,0.01331,0.7242151453511467,0.010788497226863642,12.189767797335522
goe199,200000.0,6.0,1,1.1288,0.01711,1.1443783863325256,0.016199934963003607,11.1512799550653
goe199,200000.0,10.0,1,1.4405,0.02833,1.5175919152531518,0.022705611789960996,17.388554882839525
goe199,5000000.0,-2.0,1,0.264,0.01005,0.2641086063865241,0.006819468611737775,1.751495195879407
goe199,5000000.0,0.0,1,0.493,0.00899,0.4968548692380602,0.007150042924542841,3.219906699840659
goe199,5000000.0,2.0,1,0.7202,0.00836,0.728676405261848,0.0073497733581718684,3.504058918364682
goe199,5000000.0,6.0,1,1.1679,0.00792,1.1739588382698691,0.007218011761253973,4.1283490400949825
goe199,5000000.0,10.0,1,1.5757,0.01347,1.586102377306861,0.012968742629382751,2.9134307294086463
dga1138,1000000.0,-2.0,1,0.1319,0.00757,0.13835105906378153,0.0064379445229040475,7.718351381788436
dga1138,1000000.0,0.0,1,0.3443,0.00745,0.3710793336400954,0.004892243726210996,13.223243908484072
dga1138,1000000.0,2.0,1,0.5747,0.00771,0.5872817934174777,0.0061610515368230555,5.23064856377372
dga1138,1000000.0,6.0,1,0.9633,0.01425,0.9660181486812047,0.01389296024387201,4.294255894559378
dga1138,1000000.0,10.0,0,,,1.1853383937904372,0.04083157581527582,340.8916299325867
oa206,200000.0,-2.0,1,-0.1678,0.01255,-0.1699305066043557,0.01207192431784073,3.9434033554854726
oa206,200000.0,0.0,1,0.0321,0.0077,0.0475195008159891,0.007824042602246973,14.94610614624841
oa206,200000.0,2.0,1,0.273,0.00802,0.2677487570693243,0.007950475959694692,15.447240834793302
oa206,200000.0,6.0,1,0.6838,0.01799,0.6855358117493314,0.016843939192968185,33.868063844120186
oa206,200000.0,10.0,0,,,0.7934084532613064,0.10610340527837608,181.23327974564202
dga1138,200000.0,-2.0,1,0.0551,0.01332,0.013074452639000866,0.013290904951873083,12.569506428537839
dga1138,200000.0,0.0,1,0.3794,0.00957,0.36232527896201144,0.010152425225258995,4.748712636328447
dga1138,200000.0,2.0,1,0.5949,0.00915,0.6004929703072743,0.009228050687894515,14.322443231306291
dga1138,200000.0,6.0,1,0.9366,0.02031,0.9416464963228752,0.019231171651281385,21.634078020690563
dga1138,200000.0,10.0,0,,,1.096866754079034,0.059179765147316016,249.09309420428266
goe379,5000000.0,-2.0,1,0.2518,0.00617,0.2531290948418126,0.006155077327293101,0.6904087242061689
goe379,5000000.0,0.0,1,0.4643,0.00572,0.4660966809071548,0.005729178814027713,2.614777464754678
goe379,5000000.0,2.0,1,0.6767,0.00612,0.6772165054904622,0.005887352972831966,1.8145580354098338
goe379,5000000.0,6.0,0,,,1.1582075604267894,0.0073657371328846154,6.545542642359394
goe379,5000000.0,10.0,0,,,1.4829625874107526,0.013583793948252825,5.200509787318102
s9027,200000.0,-2.0,1,-0.2851,0.00836,-0.2738762515113466,0.008451347834128944,17.82605455050289
s9027,200000.0,0.0,1,-0.0,0.00803,3.3306690738754696e-16,0.008074422991633213,13.936001985657194
s9027,200000.0,2.0,1,0.2851,0.00836,0.2738762515113463,0.008451347834128951,17.8260545505028
s9027,200000.0,6.0,1,0.6508,0.01642,0.6556386220798791,0.016409223680527676,21.751920814029152
s9027,200000.0,10.0,1,0.7718,0.05584,0.8061838267202561,0.07132827136222426,200.39217837608265
dga1138,5000000.0,-2.0,0,,,0.12308892758538503,0.005378290222863087,3.08387359817466
dga1138,5000000.0,0.0,1,0.3386,0.00736,0.3425169038416865,0.005732470406030595,2.2148926161560425
dga1138,5000000.0,2.0,1,0.5611,0.00751,0.5545177757058586,0.005596249343928345,5.899882722450265
dga1138,5000000.0,6.0,0,,,0.997179695817129,0.00985290824827121,10.139563741076804
dga1138,5000000.0,10.0,1,1.3876,0.01438,1.3165314958516567,0.023496937147436014,79.76918638350675
s9027,1000000.0,-2.0,1,-0.2192,0.00568,-0.2269348769418339,0.005659689497155721,8.765884383333272
s9027,1000000.0,0.0,1,0.0,0.0048,2.220446049250313e-16,0.004769519433235588,9.639695418012309
s9027,1000000.0,2.0,1,0.2192,0.00568,0.2269348769418344,0.005659689497155721,8.765884383333221
s9027,1000000.0,6.0,1,0.6724,0.00936,0.6718891843795741,0.009511164137110992,4.799918771095559
s9027,1000000.0,10.0,1,1.0536,0.01769,1.058188405708637,0.017264411719546992,3.045983902690737
goe124,200000.0,-2.0,1,0.3293,0.02517,0.33054424576586516,0.026391777386200393,29.661934899103404
goe124,200000.0,0.0,1,0.5778,0.01606,0.5746279523054899,0.014771695011511989,5.373564334472912
goe124,200000.0,2.0,1,0.807,0.01341,0.7930680861155173,0.01111116964240226,8.765860776401603
goe124,200000.0,6.0,1,1.2298,0.01449,1.2299227498902026,0.01465544699976452,1.4262964175717172
goe124,200000.0,10.0,1,1.5311,0.02603,1.5298762708080778,0.02621176874674764,10.86780633477568
s9027,5000000.0,-2.0,1,-0.2209,0.00522,-0.21815535081668336,0.005208778007813916,2.9704022742211342
s9027,5000000.0,0.0,1,0.0,0.00513,2.220446049250313e-16,0.005171167421641859,1.237530167545126
s9027,5000000.0,2.0,1,0.221,0.00522,0.2181553508166839,0.00520877800781392,2.9704022742208047
s9027,5000000.0,6.0,1,0.6761,0.00666,0.6739406005364287,0.0067323734594075995,3.475207108919161
s9027,5000000.0,10.0,1,1.0958,0.01002,1.0963850171229443,0.010463795240353216,3.6782423512355527
e71,1000000.0,-2.0,0,,,0.4532195909758793,0.0070120673164965446,5.266408557651541
e71,1000000.0,0.0,1,0.7065,0.00492,0.7166561401547595,0.004500596781895564,15.393644025833074
e71,1000000.0,2.0,1,0.9157,0.00485,0.9210066800586458,0.004725325557850792,15.019807739788515
e71,1000000.0,6.0,1,1.27,0.01635,1.2834327384872553,0.01449350258367626,3.2800409853986876
e71,1000000.0,10.0,0,,,1.5070630649056997,0.04792542374336824,163.79541575532377
e71,200000.0,-2.0,1,0.1614,0.0236,0.19398636782983503,0.018398225125059352,25.240673709220374
e71,200000.0,0.0,1,0.4764,0.01366,0.5212543369203215,0.01299978228726139,27.780815058149248
e71,200000.0,2.0,1,0.7891,0.01233,0.8224098576706531,0.012996916147631246,32.03504092145697
e71,200000.0,6.0,1,1.2084,0.02221,1.216163626165088,0.02126879982728297,19.608077629011124
e71,200000.0,10.0,0,,,1.323548359087059,0.07734939995308615,237.43177821122964
hq1585,1000000.0,-2.0,1,-0.0139,0.00573,-0.0173012642167385,0.005393464695718619,12.052050776146388
hq1585,1000000.0,0.0,1,0.2055,0.00483,0.2041558349947028,0.004959200790333074,4.599362692687577
hq1585,1000000.0,2.0,1,0.4233,0.00531,0.42550838267697566,0.004982152351106384,7.95830646292686
hq1585,1000000.0,6.0,1,0.8399,0.01056,0.8417504505094744,0.010295454286136482,6.45322961579476
hq1585,1000000.0,10.0,1,1.1829,0.02398,1.211153377779103,0.02006793673531612,6.040660959255664
goe379,200000.0,-2.0,0,,,0.2766540792322796,0.026053486462609254,30.542161843442017
goe379,200000.0,0.0,1,0.4832,0.01252,0.48523150359628076,0.012519484667869485,13.629836520208487
goe379,200000.0,2.0,1,0.7368,0.01,0.7358288208551236,0.010093248226201959,4.88639030852684
goe379,200000.0,6.0,1,1.1043,0.0138,1.1128523238223107,0.013855410383783032,1.0638964622392173
goe379,200000.0,10.0,0,,,1.252200627855058,0.03532729508981451,56.47940741799147
hq1585,200000.0,-2.0,1,-0.0621,0.01016,-0.049184667580464525,0.009952633946858844,12.112582562514417
hq1585,200000.0,0.0,1,0.1948,0.00946,0.2075542225754461,0.009025409107642757,12.043371757005893
hq1585,200000.0,2.0,1,0.4459,0.0091,0.44579565556363,0.009106233742428412,7.3244656903411265
hq1585,200000.0,6.0,1,0.812,0.01614,0.8228469489654471,0.015228058231552861,17.467130923239214
hq1585,200000.0,10.0,1,1.0391,0.05379,1.075848342719957,0.05116938125183432,137.83389365606996
hq1585,5000000.0,-2.0,1,-0.0149,0.00513,-0.015483054578324329,0.0048345207844793766,4.381339628488174
hq1585,5000000.0,0.0,1,0.2055,0.00409,0.20502349189941083,0.003973813376646623,7.3848271053557175
hq1585,5000000.0,2.0,1,0.423,0.00531,0.4231622539974156,0.004832167196112179,3.531165630398028
hq1585,5000000.0,6.0,1,0.8576,0.00807,0.8578249787340926,0.007645525115045815,2.2949467265942753
hq1585,5000000.0,10.0,1,1.2681,0.01238,1.268476487287039,0.011748322742847244,1.60793752093576
sc20402,200000.0,-2.0,1,-0.1003,0.01193,-0.10210395893792312,0.01080928023162058,12.909351226216367
sc20402,200000.0,0.0,1,0.1031,0.00646,0.11472510715045048,0.006552175298473296,24.20257151865564
sc20402,200000.0,2.0,0,,,0.33528915762313205,0.017036020052144583,24.678090770704834
sc20402,200000.0,6.0,0,,,0.7287067975526826,0.0787469217974376,97.60929438756033
sc20402,200000.0,10.0,0,,,0.8237186118626348,0.14827058584105565,22.597506589904505
goe379,1000000.0,-2.0,1,0.2649,0.01032,0.2661911636355115,0.010722701750636571,17.071589349256165
goe379,1000000.0,0.0,1,0.469,0.00733,0.46788766096697126,0.007406988796479594,3.9874283932675794
goe379,1000000.0,2.0,0,,,0.7392293804116279,0.005955889929518996,5.4956429551046915
goe379,1000000.0,6.0,0,,,1.129822160769903,0.008730284974624719,8.305467972492004
goe379,1000000.0,10.0,0,,,1.3904841472259393,0.020043904371660065,46.91136826316757
goe124,5000000.0,-2.0,1,0.3535,0.00694,0.34624627264661967,0.006228946689692882,1.887781607479832
goe124,5000000.0,0.0,1,0.5868,0.00656,0.5813671858139676,0.00618705557092288,3.4882074881868816
goe124,5000000.0,2.0,1,0.8177,0.00689,0.8130443783819072,0.006383813950610272,3.606147229132748
goe124,5000000.0,6.0,0,,,1.259421493773399,0.007985714159235206,3.5912130875681396
goe124,5000000.0,10.0,0,,,1.6755171893095753,0.012397796375649911,3.0894935461371795
s9000,200000.0,-2.0,1,0.0085,0.01041,0.022683546086604278,0.01023177965434082,12.811306395769437
s9000,200000.0,0.0,1,0.3376,0.00881,0.3279668718321503,0.008734978316471928,11.096244996272251
s9000,200000.0,2.0,1,0.5487,0.00892,0.5494097510119496,0.009030192294362856,13.798833609699432
s9000,200000.0,6.0,1,0.9356,0.01373,0.943886449619732,0.014007724444927061,10.17307489003496
s9000,200000.0,10.0,1,1.2353,0.02837,1.2254129091485813,0.030665855177491562,12.176431677566185
s9000,1000000.0,-2.0,1,0.1233,0.00557,0.12493811241784047,0.0058243239019571975,10.285671059298805
s9000,1000000.0,0.0,1,0.3364,0.00484,0.33548195974665124,0.00483066623988507,9.10551705662608
s9000,1000000.0,2.0,1,0.5397,0.00551,0.5451548675165117,0.005551507732772527,5.388021184663232
s9000,1000000.0,6.0,1,0.9672,0.00935,0.9687948999072507,0.009408303422861893,9.953926097467924
s9000,1000000.0,10.0,1,1.3421,0.01664,1.3370198325067595,0.018003698769264866,2.127542360651734
s9000,5000000.0,-2.0,1,0.1191,0.00526,0.12039468743261361,0.005279809720995209,3.667093450931379
s9000,5000000.0,0.0,1,0.3417,0.00477,0.33879491969114855,0.004868507873067432,3.6348678860050487
s9000,5000000.0,2.0,1,0.5631,0.00498,0.5592355915160676,0.004926007787046839,2.9011298019398017
s9000,5000000.0,6.0,1,0.9901,0.0073,0.9912223434299943,0.007513413066090422,4.3592597858421644
s9000,5000000.0,10.0,1,1.3932,0.01219,1.3942108795356865,0.012198225191217075,3.7810758525301873
m26,200000.0,-2.0,1,0.2466,0.04541,0.23005501876356044,0.04549099795542607,47.52340121886668
m26,200000.0,0.0,1,0.4642,0.0336,0.4524159303777131,0.03303133971089173,33.24479705918606
m26,200000.0,2.0,0,,,0.6799681696150539,0.02392005803581866,49.27526962768294
m26,200000.0,6.0,1,1.1309,0.01267,1.1670274281007254,0.02338206919291103,45.72055525320764
m26,200000.0,10.0,1,1.136,0.03878,1.4822830843399806,0.026334542858919275,55.74605276989986
s3025,200000.0,-2.0,1,0.1868,0.01095,0.19432230591912736,0.012465213326117079,8.338985022069943
s3025,200000.0,0.0,1,0.4316,0.00928,0.42634916382778554,0.009354629667325353,9.900403924171432
s3025,200000.0,2.0,1,0.6318,0.01023,0.6313027743549853,0.01024565665551117,5.968416794582196
s3025,200000.0,6.0,1,1.0264,0.01285,1.0338655817781834,0.01274553867843207,11.39812208510683
s3025,200000.0,10.0,1,1.2574,0.02569,1.2166075036769228,0.031271463874165115,47.767946690687246
b707e,5000000.0,-2.0,1,0.0117,0.00796,-0.0013660847509588958,0.00558599701943735,2.581441084060542
b707e,5000000.0,0.0,1,0.2019,0.00731,0.22149596376454156,0.005123211214861507,5.867374204661735
b707e,5000000.0,2.0,1,0.4081,0.00799,0.4231619169862975,0.004248488016524543,5.8196016620484095
b707e,5000000.0,6.0,1,0.8551,0.0079,0.851427229529242,0.007860306857484359,0.9639184277866406
b707e,5000000.0,10.0,1,1.2258,0.01326,1.2267669959912948,0.013551222332209886,2.090607519348569
m26,5000000.0,-2.0,1,0.2225,0.01346,0.21929399871134614,0.0078105448583973905,7.074410582652976
m26,5000000.0,0.0,1,0.4461,0.00563,0.45041964564773995,0.006744700486209732,5.316511908243938
m26,5000000.0,2.0,1,0.6724,0.00332,0.6802224094223899,0.0063874607151409,4.910251282246947
m26,5000000.0,6.0,1,1.0989,0.00425,1.1389948374736198,0.006327174111033433,3.239234596709951
m26,5000000.0,10.0,0,,,1.5269018317039242,0.016278728893162182,38.01478367949423
s3025,1000000.0,-2.0,1,0.1822,0.00775,0.18245679714134938,0.007682212760386431,2.4907707396111793
s3025,1000000.0,0.0,1,0.3833,0.00493,0.38952208259100085,0.005191815948997516,11.230183032026131
s3025,1000000.0,2.0,1,0.6319,0.00543,0.6331240033595312,0.00550972061577553,5.222147197261129
s3025,1000000.0,6.0,1,1.0337,0.00884,1.0299918941433717,0.009216658424540664,7.122398616644931
s3025,1000000.0,10.0,1,1.3479,0.01804,1.3125691988186388,0.02076795496273055,14.282815176004972
goe303,200000.0,-2.0,1,0.4196,0.01839,0.41816385089395425,0.01664627995468413,19.62910129216431
goe303,200000.0,0.0,1,0.6418,0.01343,0.6359461464370539,0.013469076914580993,5.255255772397184
goe303,200000.0,2.0,1,0.8573,0.01169,0.8572050356675877,0.011670331320307707,7.343319207968463
goe303,200000.0,6.0,1,1.2584,0.01504,1.2635989090164044,0.01512608858928122,1.4392215686159435
goe303,200000.0,10.0,1,1.5568,0.0236,1.558833243884429,0.02283537488671816,6.673793718037537
b707e,200000.0,-2.0,1,0.0048,0.01708,0.025162904845984047,0.014626511921915573,13.427944307837434
b707e,200000.0,0.0,1,0.2378,0.01221,0.2705627105498554,0.009211506505633743,17.97689801117306
b707e,200000.0,2.0,1,0.5146,0.00929,0.4919815789866072,0.01002193399658085,7.3337622159802205
b707e,200000.0,6.0,1,0.8055,0.01574,0.8243377072946113,0.014206964266442754,21.11531788295205
b707e,200000.0,10.0,0,,,1.0416721589573799,0.05058423943139734,169.85963701122319
s3025,5000000.0,-2.0,1,0.1814,0.00581,0.18109221605951514,0.005645160955411212,1.6960429767625371
s3025,5000000.0,0.0,1,0.4043,0.00506,0.40216605478574846,0.005152107621205441,3.742863538014618
s3025,5000000.0,2.0,1,0.6209,0.00437,0.6133950038234423,0.004459945733998785,6.882980362155101
s3025,5000000.0,6.0,1,1.0422,0.00763,1.0327219730387873,0.008464129193695972,7.890314568428265
s3025,5000000.0,10.0,1,1.4224,0.01267,1.4111907261630543,0.013563774593902473,10.357566568330885
goe303,1000000.0,-2.0,1,0.4197,0.00907,0.41565530948068374,0.008097189850475951,3.529972503743886
goe303,1000000.0,0.0,1,0.6425,0.00826,0.6407088856672832,0.007998534740253535,2.0450613327241407
goe303,1000000.0,2.0,1,0.8623,0.00668,0.8644259722362919,0.006660313301030951,10.21433807297474
goe303,1000000.0,6.0,1,1.2741,0.01033,1.2862741878790385,0.00952036204783122,3.460181582836536
goe303,1000000.0,10.0,1,1.6245,0.01561,1.6295731007565808,0.015084676303179435,12.084825329620601
fx60100,1000000.0,-2.0,1,0.2869,0.00568,0.2858333678870254,0.0054517822973235595,10.803653362159048
fx60100,1000000.0,0.0,1,0.5108,0.00583,0.5125128326123805,0.005586808118072221,3.039599461066829
fx60100,1000000.0,2.0,1,0.7303,0.00679,0.7345727968083948,0.006397555965265075,4.29475939474764
fx60100,1000000.0,6.0,1,1.1371,0.01107,1.1440208003128156,0.010629347791405768,6.588414289388899
fx60100,1000000.0,10.0,1,1.4969,0.01932,1.5147873204034459,0.017953690371242677,7.64264658405421
fx60100,200000.0,-2.0,1,0.2535,0.01248,0.26091134884643197,0.012262842470884834,8.457901573506854
fx60100,200000.0,0.0,1,0.5024,0.01139,0.5081701116822741,0.011222094140180194,11.914287049543706
fx60100,200000.0,2.0,1,0.7156,0.01029,0.718963514144229,0.010482636144348504,7.4510535725926665
fx60100,200000.0,6.0,1,1.1093,0.0142,1.1206057324957435,0.014226670999193355,9.138218737175293
fx60100,200000.0,10.0,1,1.3834,0.03024,1.39186208882171,0.031145145946287544,9.624327429054238
fx60100,5000000.0,-2.0,1,0.2817,0.00579,0.28757827316052603,0.004575694927149001,7.257448809851307
fx60100,5000000.0,0.0,1,0.5093,0.0057,0.5139190579047959,0.004654380524332264,2.12473935716136
fx60100,5000000.0,2.0,1,0.7314,0.00677,0.7364976076046055,0.005516594644719869,2.2073158618257214
fx60100,5000000.0,6.0,1,1.1698,0.00903,1.1664040920852956,0.009116501717458588,2.008488636938335
fx60100,5000000.0,10.0,1,1.5625,0.01411,1.5604690337478746,0.014436529096278449,6.882470605560596
rae101,5000000.0,-2.0,1,-0.219,0.00474,-0.21850752997778994,0.004841451142454684,3.389055291793466
rae101,5000000.0,0.0,1,-0.0,0.00445,6.661338147750939e-16,0.004425093043142639,2.4168070457769413
rae101,5000000.0,2.0,1,0.219,0.00474,0.21850752997779022,0.004841451142454689,3.3890552917935097
rae101,5000000.0,6.0,1,0.6392,0.00683,0.6451012685954673,0.006942474409675549,4.178956951530954
rae101,5000000.0,10.0,1,1.0976,0.01064,1.0982870383461765,0.010807146445935804,4.098462189701703
goe303,5000000.0,-2.0,1,0.422,0.00641,0.42016351669742347,0.0060664030123009655,2.6990736930242263
goe303,5000000.0,0.0,1,0.6511,0.00631,0.6483414204441778,0.0061123799392469045,3.261175912355795
goe303,5000000.0,2.0,1,0.8761,0.00665,0.8714282301273204,0.006485752465609905,2.0337216670522977
goe303,5000000.0,6.0,1,1.3034,0.00777,1.2981830172094573,0.007508071442220856,1.4506061247783129
goe303,5000000.0,10.0,1,1.6718,0.01311,1.6711039273282131,0.01272213618303165,2.8455577709714417
e226,200000.0,-2.0,1,-0.1507,0.01002,-0.13922150848164377,0.00998577551364046,8.435681851639234
e226,200000.0,0.0,1,0.1394,0.00953,0.14543662963980392,0.00921986135568982,10.692664834728895
e226,200000.0,2.0,1,0.4257,0.00919,0.41341263658147165,0.009485532259542379,13.97867831432465
e226,200000.0,6.0,1,0.7615,0.01333,0.7562113561838741,0.014342105630345266,25.39883136351435
e226,200000.0,10.0,1,1.0366,0.03615,1.0165703860310469,0.04305645296201191,62.86648256496704
e226,1000000.0,-2.0,1,-0.104,0.00559,-0.10449912652082743,0.005717342826454451,8.521967440846554
e226,1000000.0,0.0,1,0.1101,0.00496,0.10808994757347029,0.005006047782174421,6.746905604834161
e226,1000000.0,2.0,1,0.3201,0.00514,0.3206470589115105,0.005207165864264287,9.083850616963748
e226,1000000.0,6.0,1,0.7674,0.01042,0.7706254577476319,0.010671013137419971,2.597500723092276
e226,1000000.0,10.0,1,1.0971,0.02042,1.0775989204796073,0.02286415365675754,17.762808384901714
rae101,1000000.0,-2.0,1,-0.2103,0.00533,-0.21320684015121288,0.005349199844379873,8.183740328302873
rae101,1000000.0,0.0,1,-0.0,0.00515,-2.7755575615628914e-16,0.005252842144927548,2.2466114032841396
rae101,1000000.0,2.0,1,0.2102,0.00534,0.21320684015121383,0.005349199844379858,8.183740328302969
rae101,1000000.0,6.0,1,0.693,0.01024,0.6884032870841759,0.01027771356795998,2.6556145276537304
rae101,1000000.0,10.0,1,1.0235,0.01922,1.0295780660096532,0.018429760477241857,2.542197961595341
w1011,200000.0,-2.0,1,-0.2791,0.00975,-0.2760721619614465,0.00979467448855763,12.859976550638631
w1011,200000.0,0.0,1,-0.0001,0.00875,-0.00020612953364657072,0.00877011270227608,18.798576523681703
w1011,200000.0,2.0,1,0.2788,0.00974,0.2757158452138338,0.009802923308403575,12.525346830187939
w1011,200000.0,6.0,1,0.6713,0.01441,0.6740490725652937,0.014243875626651933,14.30665061191527
w1011,200000.0,10.0,1,1.0361,0.02673,1.0287270684580732,0.028741519124418097,20.25030256132796
e426,1000000.0,-2.0,1,-0.1143,0.00739,-0.1128872122463237,0.007172739996705791,2.2226335293606696
e426,1000000.0,0.0,1,0.1048,0.00672,0.1011437519534043,0.006822564077795573,4.2857349630860595
e426,1000000.0,2.0,1,0.3213,0.00739,0.3140849179633126,0.007324014050534575,3.7792352859776326
e426,1000000.0,6.0,1,0.7725,0.00882,0.7699663220741223,0.009045908313240364,0.6275605937678709
e426,1000000.0,10.0,1,1.1867,0.01333,1.176334778468936,0.014207880696720456,9.302197191020777
e426,200000.0,-2.0,1,-0.1366,0.01072,-0.14979963478878083,0.01088626307223874,3.499910347054304
e426,200000.0,0.0,1,0.0995,0.00926,0.0997138701115225,0.009253852141709897,12.829894022985226
e426,200000.0,2.0,1,0.3581,0.00995,0.34611768899824635,0.009919739855413825,14.767771512356683
e426,200000.0,6.0,1,0.7469,0.01616,0.7493196026580462,0.01621557265409093,14.67370113482934
e426,200000.0,10.0,1,1.1306,0.02392,1.13765110813797,0.023174435958179893,17.117378406170115
e226,5000000.0,-2.0,1,-0.1078,0.00516,-0.11007046804086218,0.004964962822533771,3.368770842705673
e226,5000000.0,0.0,1,0.1126,0.00457,0.10958443753349556,0.004652346482184224,2.1616380863553797
e226,5000000.0,2.0,1,0.3337,0.00475,0.32951560489575704,0.004813492546834367,3.7969247683531866
e226,5000000.0,6.0,1,0.7624,0.00757,0.7610154762538163,0.007663750552560945,0.9483028048613666
e226,5000000.0,10.0,1,1.1771,0.0119,1.169501966172161,0.012729864039717806,5.623396265329594
e426,5000000.0,-2.0,1,-0.12,0.00595,-0.12275413264253532,0.005839134120467101,1.4304800490555665
e426,5000000.0,0.0,1,0.1059,0.00644,0.10170515645382106,0.006242883465912869,3.6776928490280056
e426,5000000.0,2.0,1,0.3327,0.0061,0.32406827721453113,0.006176632218690126,2.726629936575537
e426,5000000.0,6.0,1,0.7742,0.00636,0.7704102233032132,0.006484649333583253,7.410174447278301
e426,5000000.0,10.0,1,1.2038,0.01095,1.190842144044511,0.010984324590704097,8.775161545467556
w1011,1000000.0,-2.0,1,-0.2227,0.00626,-0.21844664090607868,0.006234720702480395,5.664296512869196
w1011,1000000.0,0.0,1,-0.0001,0.00607,0.0005413488943125655,0.006111239608024334,4.1195725669145205
w1011,1000000.0,2.0,1,0.2226,0.00626,0.2194477954222836,0.006261357853737225,5.635042854756356
w1011,1000000.0,6.0,1,0.6859,0.00881,0.6930135817099132,0.008661806391601079,8.281113485203544
w1011,1000000.0,10.0,1,1.0977,0.01427,1.086796526443744,0.015373202052271592,5.311422250491565
w1011,5000000.0,-2.0,1,-0.2294,0.00549,-0.22562060133083517,0.005562390679954332,0.5472812526607658
w1011,5000000.0,0.0,1,-0.0002,0.00535,0.0007293393068763532,0.005394753373778416,1.9885650297871322
w1011,5000000.0,2.0,1,0.2293,0.00548,0.22714237299797418,0.005563830635364662,0.512918739394774
w1011,5000000.0,6.0,1,0.6745,0.00637,0.6729445069604467,0.006666057704609291,4.928414332771467
w1011,5000000.0,10.0,1,1.1206,0.01016,1.1196019553819574,0.010261962236991416,3.894303315338226
e393,200000.0,-2.0,1,0.3055,0.01105,0.3099147336595517,0.011090056417714694,16.421155287256394
e393,200000.0,0.0,1,0.5131,0.01126,0.5125566535198504,0.011326197194922704,5.57449235805042
e393,200000.0,2.0,1,0.734,0.01172,0.7334790278578518,0.011505310548954824,6.201890068254466
e393,200000.0,6.0,1,1.1662,0.01402,1.173540980313847,0.01416481604109724,5.244830619094715
e393,200000.0,10.0,1,1.3406,0.02686,1.3366426268096552,0.029973392001611993,18.631243643338347
rae101,200000.0,-2.0,1,-0.3214,0.00959,-0.31189963367789986,0.009732355676172928,10.367798304023301
rae101,200000.0,0.0,1,-0.0,0.0088,1.6653345369377348e-16,0.008616123263228241,15.503022845962267
rae101,200000.0,2.0,1,0.3214,0.00959,0.31189963367790074,0.009732355676172946,10.367798304023422
rae101,200000.0,6.0,1,0.6509,0.01749,0.6522702810934128,0.017264188401606685,10.984592938694803
rae101,200000.0,10.0,0,,,0.7954538138097917,0.0655424373454948,188.56661588191616
mrc16-85,200000.0,-2.0,1,0.1106,0.01094,0.11710719666192027,0.010504399514325842,26.605604094176623
mrc16-85,200000.0,0.0,1,0.4362,0.0106,0.43565307588809055,0.010742873213898475,9.280723496766871
mrc16-85,200000.0,2.0,1,0.6255,0.01074,0.6277759062138922,0.010794294454483926,15.407088621582632
mrc16-85,200000.0,6.0,1,0.9966,0.01319,0.9975738373364642,0.013230980857447498,5.004541979779647
mrc16-85,200000.0,10.0,1,1.248,0.02223,1.2401960091179511,0.022297127191538143,21.750921558842638
e393,1000000.0,-2.0,1,0.3148,0.00645,0.31515679487183357,0.006454674333617555,5.0306137843396295
e393,1000000.0,0.0,1,0.5423,0.00626,0.542458107957895,0.006313547622564084,3.657023091426263
e393,1000000.0,2.0,1,0.7669,0.00636,0.7696372731757005,0.006465568776048724,2.603064906749235
e393,1000000.0,6.0,1,1.1866,0.00831,1.1948104710622318,0.008283240482200438,16.785836429452846
e393,1000000.0,10.0,1,1.4261,0.02012,1.4612436730982075,0.019668456560763062,4.509207720115732
hq3512,200000.0,-2.0,1,0.2335,0.01293,0.24227457218673548,0.012561130751929626,3.5624703864361487
hq3512,200000.0,0.0,1,0.4405,0.01256,0.44637243090862705,0.01247553059505061,14.97198122352288
hq3512,200000.0,2.0,1,0.6521,0.01138,0.6598509163239805,0.011612456255656102,8.608650543615557
hq3512,200000.0,6.0,1,1.0686,0.01374,1.077159601828408,0.013647107757725123,3.6245229727900794
hq3512,200000.0,10.0,1,1.3309,0.02305,1.3635417007057533,0.023087677550607515,19.553090843329596
mrc16-85,1000000.0,-2.0,1,0.1323,0.00707,0.1330886323824214,0.007093703765741403,4.186330160502305
mrc16-85,1000000.0,0.0,1,0.3288,0.00506,0.3318692910939694,0.00505645028854559,9.611252852018866
mrc16-85,1000000.0,2.0,1,0.5803,0.00572,0.5836732962685701,0.005769551609790745,1.2323413300706527
mrc16-85,1000000.0,6.0,1,1.0061,0.00818,1.0075785368556767,0.008240803920029917,8.777018177095597
mrc16-85,1000000.0,10.0,1,1.3079,0.01656,1.305970507056569,0.016705423229717645,1.0063605529970696
mrc16-85,5000000.0,-2.0,1,0.1302,0.00571,0.13110037200611802,0.005745813390604614,2.0117535379064657
mrc16-85,5000000.0,0.0,1,0.3475,0.00481,0.35010412596103874,0.00480544811176953,4.502572579647944
mrc16-85,5000000.0,2.0,1,0.5613,0.00429,0.5625852663406575,0.004332724375771108,5.1408702298366515
mrc16-85,5000000.0,6.0,1,1.0203,0.00686,1.009175651298575,0.006879731165197327,4.578753410929629
mrc16-85,5000000.0,10.0,1,1.3768,0.01224,1.3703734964821102,0.012196034256479367,3.3625132302693252
oa212,200000.0,-2.0,1,-0.0738,0.01619,-0.08575944196766172,0.01726000895514574,29.774257154645422
oa212,200000.0,0.0,1,0.17,0.01282,0.17961574715828466,0.013271902720848392,12.346829075021889
oa212,200000.0,2.0,1,0.4042,0.01157,0.40381108774921753,0.011685207326476137,14.635635345225436
oa212,200000.0,6.0,1,0.8157,0.01435,0.8099306933519824,0.014357874908912015,11.994349975109081
oa212,200000.0,10.0,1,1.1718,0.02188,1.16843228876873,0.021978653720794335,18.90887178251161
sc20402,5000000.0,-2.0,0,,,-0.07713835038366101,0.0050699064633274,7.302819092571958
sc20402,5000000.0,0.0,0,,,0.15403553254236846,0.005018290828845712,5.8414719495962935
sc20402,5000000.0,2.0,0,,,0.38079581676079977,0.011266421713094285,45.74316166865062
sc20402,5000000.0,6.0,0,,,0.765746466083467,0.0758017919297754,387.1827104299669
sc20402,5000000.0,10.0,0,,,0.8510761070052479,0.14776153380966991,603.2328068188549
e393,5000000.0,-2.0,1,0.3263,0.00527,0.32724327894238264,0.005352062039091227,3.0868154345305934
e393,5000000.0,0.0,1,0.5574,0.00458,0.5574665303215355,0.0046197484358096045,3.4614206582798435
e393,5000000.0,2.0,1,0.7853,0.0048,0.7839839606982278,0.004807920465790709,2.7767528113092648
e393,5000000.0,6.0,1,1.1927,0.00837,1.204343686652244,0.00822165136895743,3.919093670144008
e393,5000000.0,10.0,1,1.5493,0.01434,1.568327905497421,0.013664759629944278,2.2198179527739734
oa212,5000000.0,-2.0,1,-0.1683,0.00665,-0.17635475033825454,0.006731420290429328,1.5490603595252113
oa212,5000000.0,0.0,1,0.0792,0.00662,0.07274287767242449,0.006846552357346928,5.629700883403397
oa212,5000000.0,2.0,1,0.3284,0.00561,0.32895959364540617,0.005966914888480951,5.258198144556603
oa212,5000000.0,6.0,1,0.8144,0.00677,0.829819121384235,0.006945404346216639,3.9996798630942756
oa212,5000000.0,10.0,1,1.2754,0.01156,1.2891014353880812,0.011426615114345827,5.862637566725632
hq3512,5000000.0,-2.0,1,0.2684,0.00544,0.2690851746787829,0.005234413754373265,3.6940065516776874
hq3512,5000000.0,0.0,1,0.491,0.00461,0.4874092229231569,0.004455055060986282,6.4012818524908015
hq3512,5000000.0,2.0,1,0.7049,0.00548,0.7016754808915184,0.00545606664650614,4.026923197463636
hq3512,5000000.0,6.0,1,1.1263,0.00795,1.127987417193874,0.007726246260572771,3.959003673182082
hq3512,5000000.0,10.0,1,1.4453,0.01374,1.4847409971652357,0.012753758771764693,4.35189139384725
raf33,1000000.0,-2.0,1,0.0482,0.01003,0.026300938573105226,0.009391720214486674,3.3594135057886385
raf33,1000000.0,0.0,1,0.2602,0.00887,0.24598109839132182,0.008704865374937202,1.9981385555192972
raf33,1000000.0,2.0,1,0.5064,0.00637,0.47370989778867384,0.006704312902443145,4.768951070007101
raf33,1000000.0,6.0,1,1.0549,0.00872,1.0516584300062453,0.008580884643068264,3.8040616566225975
raf33,1000000.0,10.0,1,1.4017,0.01471,1.4157677230475083,0.011745054661962092,24.676744516028016
tsagi_r3a,1000000.0,-2.0,1,0.0332,0.00959,0.04766509753773018,0.009390447674547718,6.42845469225356
tsagi_r3a,1000000.0,0.0,1,0.2604,0.00802,0.27047270561337133,0.007150276635793036,10.573934129190203
tsagi_r3a,1000000.0,2.0,1,0.5058,0.00718,0.50992415845155,0.006920971020928079,9.88510915530801
tsagi_r3a,1000000.0,6.0,1,0.9407,0.00937,0.9527353204120766,0.009091528276310462,5.258772969516517
tsagi_r3a,1000000.0,10.0,1,1.3689,0.0124,1.3928991133596704,0.01275738082230016,10.412268214635267
goe199,1000000.0,-2.0,0,,,0.2649919315793056,0.012310700330702994,24.55360360656484
goe199,1000000.0,0.0,0,,,0.4960605393736976,0.008525402708282665,4.789414389512036
goe199,1000000.0,2.0,0,,,0.7268628608695058,0.009285464563884812,14.782884135199607
goe199,1000000.0,6.0,0,,,1.1674249185850023,0.009838682791265528,2.2383037080743984
goe199,1000000.0,10.0,0,,,1.5584369883657645,0.015857073345405953,14.487384356003021
e71,5000000.0,-2.0,0,,,0.5067949675157739,0.004001853444546498,11.609885747239915
e71,5000000.0,0.0,0,,,0.7144354044202297,0.004446597705855187,10.793403407352427
e71,5000000.0,2.0,0,,,0.9236834617625556,0.005867184984975745,5.631494905963992
e71,5000000.0,6.0,0,,,1.330718743340997,0.010009800707739594,0.4924280954256115
e71,5000000.0,10.0,0,,,1.704412743010838,0.01702924885546549,2.265932521299252
tsagi_r3a,5000000.0,-2.0,1,0.0319,0.00707,0.04643065516002365,0.007051968404957929,1.9697227780518263
tsagi_r3a,5000000.0,0.0,1,0.2638,0.0071,0.28111169162053334,0.006648970239268488,1.8743819667784138
tsagi_r3a,5000000.0,2.0,1,0.4928,0.00607,0.511835759166789,0.005455245851217247,9.24338225060643
tsagi_r3a,5000000.0,6.0,1,0.9546,0.00619,0.9731835331298088,0.00638908027538421,3.887610637038465
tsagi_r3a,5000000.0,10.0,1,1.39,0.00934,1.4186463611843478,0.008850357314387602,8.03576607122731
c141a,200000.0,-2.0,1,-0.2635,0.01553,-0.27880000800523186,0.015754843474056715,17.105245518598753
c141a,200000.0,0.0,1,0.0126,0.0174,-0.00337810368610425,0.016946759408183926,36.30689039887971
c141a,200000.0,2.0,1,0.4327,0.01492,0.40755865867217533,0.015538443817700845,24.34088083054814
c141a,200000.0,6.0,1,0.7714,0.0175,0.7832502317855322,0.01795504572800604,4.730196110476238
c141a,200000.0,10.0,1,1.0494,0.03089,1.059996738501874,0.030845876315050497,6.599413571206532
sc20402,1000000.0,-2.0,0,,,-0.09036234674395405,0.007416222675406199,15.165402501101525
sc20402,1000000.0,0.0,0,,,0.14242351803726527,0.004194301524854802,23.07372241092161
sc20402,1000000.0,2.0,0,,,0.3567425693387478,0.014748333445713283,23.50314073052414
sc20402,1000000.0,6.0,0,,,0.7447671155199886,0.07980927198619166,180.404205175404
sc20402,1000000.0,10.0,0,,,0.8406992819890468,0.14972968623584582,334.45040647100524
usa28,200000.0,-2.0,1,0.1487,0.01374,0.14680472478141585,0.013739344488191262,11.138398900815398
usa28,200000.0,0.0,1,0.3729,0.01336,0.3869251503811983,0.013073728425997829,10.20275699048053
usa28,200000.0,2.0,1,0.5787,0.01267,0.6714531416111774,0.011926687347997995,12.553448099488062
usa28,200000.0,6.0,1,1.0872,0.01435,1.0941439191292903,0.014198877907875513,5.273820813536875
usa28,200000.0,10.0,1,1.1193,0.02711,1.123926518823172,0.028348814244250915,25.798971464298763
raf33,5000000.0,-2.0,1,0.0287,0.00662,0.010485240137554197,0.006594964180868503,3.859428194064084
raf33,5000000.0,0.0,1,0.2485,0.0063,0.23757246920870662,0.006249803303489486,2.0820030751729934
raf33,5000000.0,2.0,1,0.4657,0.00607,0.46036937697484126,0.006076452496592763,3.008692833553926
raf33,5000000.0,6.0,1,0.9119,0.00594,0.8790240391019297,0.005350052728882766,3.661903616955821
raf33,5000000.0,10.0,1,1.3257,0.01265,1.339668666953108,0.010606375217426793,4.927065182502108
goe124,1000000.0,-2.0,0,,,0.339361662049708,0.010094572444696621,8.596129917970535
goe124,1000000.0,0.0,0,,,0.5739826510589823,0.008221475697378017,2.879993500677098
goe124,1000000.0,2.0,0,,,0.8081796305028583,0.007037691150772246,7.9579914083222505
goe124,1000000.0,6.0,0,,,1.2537780355969508,0.008871400476538303,6.3408737040284056
goe124,1000000.0,10.0,0,,,1.6301992072071465,0.01688232807837505,1.2425808798707805
c141a,5000000.0,-2.0,1,-0.0219,0.00478,-0.026484047886645212,0.004829175056838235,3.8287177882800982
c141a,5000000.0,0.0,1,0.1686,0.00415,0.17104645608510594,0.004094319826321263,8.151344272556756
c141a,5000000.0,2.0,1,0.3562,0.00555,0.356824644882916,0.00559501969678497,1.0160129505191235
c141a,5000000.0,6.0,1,0.7676,0.00774,0.7640858033326948,0.007816154971612645,2.0647158091523057
c141a,5000000.0,10.0,1,1.1952,0.01108,1.1871610327689261,0.011005877170010838,2.4976036199785003
usa40b,1000000.0,-2.0,1,0.2808,0.0091,0.28298123776261624,0.009017545018614861,8.468512114681998
usa40b,1000000.0,0.0,1,0.4961,0.00897,0.5035944737244658,0.008722393539229349,6.556254549691248
usa40b,1000000.0,2.0,1,0.7094,0.00873,0.7250897419715496,0.008778265270493737,3.905553521655024
usa40b,1000000.0,6.0,1,1.14,0.01056,1.161901770545958,0.010440820901015517,2.210462389993003
usa40b,1000000.0,10.0,1,1.5258,0.01395,1.5757912819859712,0.014043766030985536,15.007014335126165
usa40b,5000000.0,-2.0,1,0.2898,0.00727,0.28929738483639905,0.007101418799606869,4.241242719361998
usa40b,5000000.0,0.0,1,0.5153,0.00716,0.5200066596971179,0.0069787889474657895,1.5185060128192034
usa40b,5000000.0,2.0,1,0.7382,0.00692,0.7474040150668655,0.006802586088070163,2.5626881722304753
usa40b,5000000.0,6.0,1,1.1774,0.00762,1.201850276929155,0.0076183589416042195,3.249535532622999
usa40b,5000000.0,10.0,1,1.5991,0.0093,1.6303438902075968,0.009590922967301938,4.9270195193807345
hq3512,1000000.0,-2.0,1,0.2635,0.00654,0.25938223519617704,0.0060127977419067585,9.775809856764038
hq3512,1000000.0,0.0,0,,,0.48279642359684294,0.005773483345866543,3.7374148283994457
hq3512,1000000.0,2.0,1,0.7048,0.00616,0.7048828853465455,0.006161211287406703,2.716421745746836
hq3512,1000000.0,6.0,1,1.0929,0.00976,1.0956737696779886,0.009787725341262673,2.2054764034322614
hq3512,1000000.0,10.0,1,1.3597,0.0182,1.4266553401020288,0.01599644060625029,13.501525721972934
oa212,1000000.0,-2.0,1,-0.1582,0.00879,-0.16677517538292996,0.009081901087810942,2.401582687231712
oa212,1000000.0,0.0,0,,,0.07739626327620702,0.007788563818689991,7.090491286452722
oa212,1000000.0,2.0,1,0.3101,0.00636,0.3045117252056161,0.006333470407453651,4.339237067319405
oa212,1000000.0,6.0,1,0.7618,0.00853,0.7723500280669602,0.008630900487773254,7.29376993705207
oa212,1000000.0,10.0,1,1.2125,0.01557,1.2257884544577153,0.014997425096605257,3.3881998272212996
usa28,5000000.0,-2.0,1,0.1523,0.00569,0.14569334648281734,0.005317717975471304,1.3436190670203587
usa28,5000000.0,0.0,1,0.347,0.00602,0.3451117334040714,0.005380060324890983,0.7417606583534284
usa28,5000000.0,2.0,1,0.5326,0.00596,0.5452586853587243,0.00567508547007579,2.3775362749720723
usa28,5000000.0,6.0,1,0.8781,0.00777,0.8771450619501777,0.008208501873950459,7.222153096733009
usa28,5000000.0,10.0,1,1.2819,0.01272,1.3850786267433648,0.013259958628878073,9.380333418205627
e422,5000000.0,-2.0,1,0.4832,0.00693,0.47796168776220127,0.006852153026192981,2.9716761017402162
e422,5000000.0,0.0,1,0.7095,0.00641,0.7028650432004475,0.006450672041852533,3.5440529219738903
e422,5000000.0,2.0,1,0.9356,0.00648,0.925826056063204,0.006586822346100971,3.0341182100064414
e422,5000000.0,6.0,1,1.3976,0.00637,1.3906562022160367,0.0066647221129769165,2.3356581642472363
e422,5000000.0,10.0,1,1.771,0.00884,1.7854927360782114,0.008956299193087405,8.299153123650337
e422,1000000.0,-2.0,1,0.4636,0.00937,0.4620756263966848,0.0096023981747034,4.537133299826988
e422,1000000.0,0.0,1,0.6837,0.00917,0.6797235170476262,0.009131640106034998,3.663125392806953
e422,1000000.0,2.0,1,0.9021,0.00936,0.8965834386252787,0.00941896162540972,6.91932567236913
e422,1000000.0,6.0,1,1.3369,0.00977,1.3433204227043714,0.00984490402058472,6.121753794974417
e422,1000000.0,10.0,1,1.6921,0.01229,1.71065189779794,0.012579403534277271,6.515506855627601
goe592,200000.0,-2.0,1,0.5487,0.02058,0.5734332489323941,0.019829444651040154,19.382640360903583
goe592,200000.0,0.0,1,0.7649,0.01778,0.787965853134873,0.017421128502450013,19.263800055260848
goe592,200000.0,2.0,1,0.9928,0.01547,0.9998153706730044,0.015339839037085903,22.33817222995845
goe592,200000.0,6.0,1,1.3518,0.01832,1.399030088789237,0.01816792415672005,20.48561666319927
goe592,200000.0,10.0,1,1.5495,0.02396,1.652274969970645,0.02390771233706266,48.022373757891714
goe592,5000000.0,-2.0,1,0.5894,0.00601,0.600692747023204,0.006017381349833344,1.9811297972238944
goe592,5000000.0,0.0,1,0.8076,0.00606,0.8236906621891701,0.006057854192308744,4.950817356185232
goe592,5000000.0,2.0,1,1.0078,0.00655,1.0371777539806997,0.006355558252023973,8.303328066927616
goe592,5000000.0,6.0,1,1.3843,0.00787,1.4166990250120568,0.007484564934320611,13.311925639859423
goe592,5000000.0,10.0,1,1.5833,0.01852,1.6299080666032961,0.017522125299725348,12.219795718053268
tsagi_r3a,200000.0,-2.0,1,0.0376,0.01451,0.043536504500095496,0.014712779280094849,10.609673769551298
tsagi_r3a,200000.0,0.0,0,,,0.291028710226105,0.011591482926727155,1.7153618869017104
tsagi_r3a,200000.0,2.0,1,0.4986,0.01291,0.5019813500546726,0.012762965165257076,7.395773446580555
tsagi_r3a,200000.0,6.0,1,0.923,0.01665,0.9377491142168825,0.016953340052414903,5.787229793227482
tsagi_r3a,200000.0,10.0,1,1.3146,0.02477,1.3475558227424869,0.024281854763009134,40.011638348374824
c141a,1000000.0,-2.0,1,-0.0366,0.00569,-0.03679088563647154,0.005646266492658935,8.074599030327665
c141a,1000000.0,0.0,1,0.1756,0.00509,0.17472106730996562,0.005109330677311212,6.492872156602085
c141a,1000000.0,2.0,0,,,0.3827619963037242,0.0052153807677827665,12.640950455574622
c141a,1000000.0,6.0,1,0.7757,0.01116,0.7684311389895226,0.011164278326322071,3.8937248500103827
c141a,1000000.0,10.0,1,1.099,0.01599,1.1045506649701633,0.01622246074384986,4.227881350162797
e475,1000000.0,-2.0,1,-0.1979,0.00819,-0.19375521356657247,0.008260956427536372,6.226156909601675
e475,1000000.0,0.0,1,0.0,0.00865,-1.27675647831893e-15,0.008942512465972252,14.678505826507216
e475,1000000.0,2.0,1,0.1979,0.00819,0.19375521356656855,0.008260956427536284,6.226156909600097
e475,1000000.0,6.0,1,0.5916,0.0093,0.6054350776067939,0.009486003776924089,7.323329631648435
e475,1000000.0,10.0,1,1.1443,0.01292,1.132754600696478,0.012835640280710464,5.838121485203223
e475,200000.0,-2.0,1,-0.268,0.0144,-0.2669864789567916,0.014423147276130097,16.23771394772995
e475,200000.0,0.0,1,0.0,0.01072,-3.0531133177191805e-15,0.0112009485717693,9.507653339402983
e475,200000.0,2.0,1,0.2679,0.0144,0.2669864789567899,0.014423147276130213,16.237713947730438
e475,200000.0,6.0,1,0.8228,0.01853,0.8101995792225516,0.01831068092478473,18.490031105984176
e475,200000.0,10.0,1,1.1151,0.02439,1.1081952030768651,0.024143375696401098,31.516684052994744
raf33,200000.0,-2.0,1,0.0629,0.02118,0.055282985216384084,0.01925747047872483,11.967818297214938
raf33,200000.0,0.0,1,0.278,0.01672,0.2628308832405112,0.015783224354794435,6.058529960833309
raf33,200000.0,2.0,0,,,0.6269482383339646,0.013914941511420835,13.944585432316101
raf33,200000.0,6.0,1,1.0648,0.01614,1.0196715739176914,0.016471760783800173,12.806335174438688
raf33,200000.0,10.0,1,1.366,0.01991,1.3634668445136469,0.020449900462179434,7.333594002439242
e475,5000000.0,-2.0,1,-0.2218,0.00676,-0.22048465939818118,0.006916775822452476,5.123513953000795
e475,5000000.0,0.0,1,0.0,0.0068,-3.885780586188048e-16,0.006954496726120049,3.1656808876404705
e475,5000000.0,2.0,1,0.2218,0.00677,0.22048465939817946,0.006916775822452457,5.123513953001636
e475,5000000.0,6.0,1,0.6418,0.00611,0.6379567747187087,0.006221671164461021,4.753568446225877
e475,5000000.0,10.0,1,1.0492,0.00845,1.052338383314485,0.008707099232794372,5.2803447439748155
naca16015,1000000.0,-2.0,1,-0.21,0.00588,-0.22026592903257747,0.005709677718189609,8.00914319900186
naca16015,1000000.0,0.0,1,-0.0,0.00625,3.608224830031759e-16,0.005820558068815927,2.139475443266297
naca16015,1000000.0,2.0,1,0.2101,0.00588,0.22026592903257797,0.0057096777181896196,8.009143199001409
naca16015,1000000.0,6.0,1,0.4286,0.01169,0.4396283731034331,0.011711669943855757,9.887141260567518
naca16015,1000000.0,10.0,1,0.8187,0.01748,0.8061626292981972,0.017490488467949237,22.31178425444364
naca16015,5000000.0,-2.0,1,-0.1239,0.00438,-0.1412498996229327,0.004099151605742645,11.770588565340113
naca16015,5000000.0,0.0,1,-0.0,0.00299,-3.608224830031759e-16,0.003033640601144762,13.913638973498225
naca16015,5000000.0,2.0,1,0.124,0.00439,0.14124989962293272,0.004099151605742638,11.770588565340224
naca16015,5000000.0,6.0,1,0.4772,0.00771,0.46888020086680304,0.007615166403445695,5.675302057087574
naca16015,5000000.0,10.0,1,0.8587,0.01058,0.8541305185113134,0.010889242139015619,10.445235562343349
usa28,1000000.0,-2.0,1,0.158,0.00744,0.17186923944068927,0.006929460737305782,1.8287654658315917
usa28,1000000.0,0.0,1,0.3537,0.00731,0.3638154953494963,0.006949363065200438,3.303437290686174
usa28,1000000.0,2.0,1,0.5465,0.00754,0.5520975800109922,0.00741072205412772,6.947263062990076
usa28,1000000.0,6.0,1,0.8663,0.00938,1.1035917033823672,0.009023380411833598,8.143833688964309
usa28,1000000.0,10.0,0,,,1.2474495065190794,0.01900074688563682,2.698364137441907
naca16015,200000.0,-2.0,1,-0.2973,0.02922,-0.3161754908342057,0.029701706655923785,114.79693083534693
naca16015,200000.0,0.0,1,-0.0,0.02996,3.3306690738754696e-16,0.03154138206719956,105.80185796316567
naca16015,200000.0,2.0,1,0.2974,0.02921,0.31617549083420604,0.029701706655923813,114.79693083534674
naca16015,200000.0,6.0,1,0.8765,0.02545,0.8260096942596149,0.02539466497527374,31.811696500937995
naca16015,200000.0,10.0,1,1.0629,0.05029,1.0754019297633308,0.04568631992463996,112.01054835398467
usa40b,200000.0,-2.0,0,,,0.2872617095367385,0.012483265173675644,12.392978507289216
usa40b,200000.0,0.0,1,0.4651,0.01204,0.48081367142363063,0.012361746064798245,2.25897674828902
usa40b,200000.0,2.0,1,0.6762,0.0135,0.6855575472763413,0.01349869485902757,7.870928062169626
usa40b,200000.0,6.0,1,1.1055,0.01959,1.132527768626398,0.019309191145400268,21.733211900258656
usa40b,200000.0,10.0,1,1.4943,0.02919,1.5301205720969473,0.027085261672653124,47.525361283036574
mh95,200000.0,-2.0,1,-0.1602,0.01634,-0.14320321788405302,0.016496374353684718,29.08166834203285
mh95,200000.0,0.0,1,0.1403,0.01526,0.15646953847396156,0.015452218938296697,18.890638946499372
mh95,200000.0,2.0,1,0.4027,0.01455,0.39401497055963264,0.01415291798880417,9.397261183830032
mh95,200000.0,6.0,1,0.7423,0.01661,0.7605452815136444,0.016730697781404534,2.1601603897103416
mh95,200000.0,10.0,1,0.9918,0.02336,1.056071723425827,0.023962458404977075,18.746204718951205
e682,1000000.0,-2.0,1,0.1277,0.00733,0.11568450343113987,0.006325831888440939,8.75679151954167
e682,1000000.0,0.0,1,0.3403,0.00773,0.3445717202500006,0.006739081854558778,9.137007826327293
e682,1000000.0,2.0,1,0.5616,0.00794,0.5735480857133582,0.007408851271499984,13.488575850099279
e682,1000000.0,6.0,1,0.9581,0.00865,0.9728504214193134,0.008184448240100353,8.872967216113446
e682,1000000.0,10.0,1,1.0741,0.02011,1.1038740353240577,0.02172544018687485,21.340761231884027
mh95,5000000.0,-2.0,1,0.0274,0.00527,0.028528195894872543,0.005277653778156972,3.4111518951953927
mh95,5000000.0,0.0,1,0.2258,0.00484,0.225992619380786,0.004938030240659398,2.9799646261118897
mh95,5000000.0,2.0,1,0.4335,0.00573,0.43613015648339565,0.005676371768569862,1.7649242625004165
mh95,5000000.0,6.0,1,0.8355,0.00783,0.8468806044032327,0.007768129200540766,3.4862883607726833
mh95,5000000.0,10.0,1,1.1832,0.01038,1.2192373728732813,0.010319332041785832,3.494320188734447
goe692,200000.0,-2.0,1,0.3361,0.01624,0.3433038018783529,0.015952643195617434,14.97268482368249
goe692,200000.0,0.0,1,0.5387,0.01355,0.5525387757126123,0.013761291533140084,19.609805886728424
goe692,200000.0,2.0,1,0.8117,0.01402,0.8230284850103939,0.01390839589634918,13.674745458650671
goe692,200000.0,6.0,1,1.1918,0.01597,1.1949195817540046,0.016140392232060624,19.36633641573324
goe692,200000.0,10.0,1,1.4223,0.02241,1.41122991055884,0.02229492398743489,15.111033332046961
e422,200000.0,-2.0,1,0.4591,0.01664,0.46315004074198335,0.01659964499822884,19.104815685320535
e422,200000.0,0.0,1,0.6753,0.01721,0.6759919309709989,0.01662582205877383,7.943130414547992
e422,200000.0,2.0,1,0.8813,0.01686,0.9150128549152099,0.016513785792583762,23.37117109810823
e422,200000.0,6.0,0,,,1.3193720168745982,0.02094379964489393,40.60918908421591
e422,200000.0,10.0,1,1.6428,0.02849,1.6709740707059937,0.02795549686285441,51.97754994799745
e682,5000000.0,-2.0,1,0.1516,0.00604,0.1492451332311125,0.005785847138746361,3.8734341858631063
e682,5000000.0,0.0,1,0.3645,0.00321,0.36593343594276506,0.003690748186211366,10.914541721153059
e682,5000000.0,2.0,1,0.5952,0.00377,0.5933295438854459,0.003823882020358335,7.540743388048613
e682,5000000.0,6.0,1,0.957,0.00787,0.9661187598816621,0.007535553340958513,8.281052568890473
e682,5000000.0,10.0,1,1.1525,0.01577,1.1988470180111623,0.015813780463921224,14.947903003745683
goe692,1000000.0,-2.0,1,0.3481,0.00835,0.3534181460530614,0.008257260330232271,3.1228179868463513
goe692,1000000.0,0.0,1,0.574,0.0082,0.5745528763879099,0.00817037965015687,4.62642673723956
goe692,1000000.0,2.0,1,0.7767,0.0069,0.7797068477097042,0.006974309344561941,6.599891812434496
goe692,1000000.0,6.0,1,1.194,0.00929,1.1989610115188145,0.00899958720185559,6.141210361387469
goe692,1000000.0,10.0,1,1.4617,0.01696,1.4618154155703271,0.016857051483624305,13.855134509129021
goe692,5000000.0,-2.0,1,0.3582,0.00621,0.3589520460178697,0.006138923279695376,1.4403408931356123
goe692,5000000.0,0.0,1,0.5896,0.00608,0.5901448863513029,0.006090241977227927,1.9378274965528834
goe692,5000000.0,2.0,1,0.8135,0.00647,0.8144638305678182,0.006284052666808258,2.8830990258051257
goe692,5000000.0,6.0,1,1.2192,0.00788,1.2268691150671367,0.007699237324505868,0.9443310287945723
goe692,5000000.0,10.0,1,1.5269,0.01333,1.547912428161383,0.012016161754141086,2.4808484164481373
goe289,200000.0,-2.0,1,0.408,0.01515,0.4207192399268701,0.01477228271794121,25.034251603754438
goe289,200000.0,0.0,1,0.5968,0.01429,0.6152562412193606,0.014155412489110383,23.241199495390926
goe289,200000.0,2.0,1,0.8703,0.0144,0.8685269415359141,0.014315481517614677,15.977381653241844
goe289,200000.0,6.0,1,1.2088,0.0185,1.2424644480049643,0.01880952834127089,14.28541654270428
goe289,200000.0,10.0,1,1.5289,0.0253,1.58564504081918,0.02532764395682941,30.63656459421686
du-80-176-v1,1000000.0,-2.0,1,0.2767,0.00784,0.2834419959480631,0.006943236125040374,1.0946508855469266
du-80-176-v1,1000000.0,0.0,1,0.4978,0.0089,0.5135885699510108,0.007381634152466774,9.910651061231096
du-80-176-v1,1000000.0,2.0,1,0.7201,0.00897,0.7399623067919505,0.007813243908687225,5.589237788375355
du-80-176-v1,1000000.0,6.0,1,1.1367,0.00981,1.1764589349817252,0.009166792489117198,3.966603723427383
du-80-176-v1,1000000.0,10.0,1,1.3451,0.01662,1.4445184375206699,0.017385511467918602,16.50903082963496
du-80-176-v1,5000000.0,-2.0,1,0.3034,0.0042,0.30106265431816936,0.004397660984420865,11.654243916494915
du-80-176-v1,5000000.0,0.0,1,0.5375,0.0043,0.5477963186592286,0.004501714238919175,5.216081717240037
du-80-176-v1,5000000.0,2.0,1,0.765,0.0049,0.7803044611301013,0.004943158589110946,3.2568159546869127
du-80-176-v1,5000000.0,6.0,1,1.1742,0.00737,1.2033978587944638,0.007668240894324749,8.05913820357546
du-80-176-v1,5000000.0,10.0,1,1.3973,0.01355,1.4879956462800454,0.015075589501737796,3.2558141950003727
usa34,1000000.0,-2.0,1,0.4024,0.00944,0.40801298811756265,0.009281493978627306,1.6479039170187553
usa34,1000000.0,0.0,1,0.5375,0.01014,0.5804835134978809,0.00938033155370727,6.187644256381991
usa34,1000000.0,2.0,1,0.695,0.01092,0.7489679847280749,0.009948663125775822,6.57914657831422
usa34,1000000.0,6.0,1,1.2864,0.01299,1.3133510566681086,0.012688746469893247,13.956577479952957
usa34,1000000.0,10.0,1,1.5297,0.02126,1.5485900888966326,0.021231716397300683,22.244241336754968
b707e,1000000.0,-2.0,0,,,0.004998288066674683,0.008326335239310768,7.983441183024194
b707e,1000000.0,0.0,0,,,0.20887613437319752,0.005395419669729258,5.684036720430491
b707e,1000000.0,2.0,0,,,0.4504846055145721,0.0049242496201234425,3.723090220587883
b707e,1000000.0,6.0,0,,,0.8389590007558096,0.010906593789039541,5.29761213584945
b707e,1000000.0,10.0,0,,,1.122558613185223,0.028846037211949026,54.26196487525309
usa34,200000.0,-2.0,1,0.4826,0.01925,0.4988291287059545,0.018551333032769107,20.7963485541841
usa34,200000.0,0.0,1,0.6325,0.01717,0.6997580078732134,0.01721896615654156,36.06648761715313
usa34,200000.0,2.0,1,0.7768,0.01715,0.8939221085479125,0.01741170449437369,18.39318891320208
usa34,200000.0,6.0,1,1.3371,0.02096,1.3846607944173794,0.02046767721080283,24.723908004360208
usa34,200000.0,10.0,1,1.526,0.02853,1.5739134328086806,0.027302249795032547,48.622602404118226
du-80-176-v1,200000.0,-2.0,1,0.2528,0.02597,0.19100310044402558,0.024998946153837836,96.59198644498352
du-80-176-v1,200000.0,0.0,1,0.5154,0.02499,0.41020012316907867,0.023456848129440464,75.51178282958624
du-80-176-v1,200000.0,2.0,1,0.6452,0.02325,0.5616515993194189,0.02153320976974862,57.706219521970155
du-80-176-v1,200000.0,6.0,1,0.928,0.02015,0.9845243782670435,0.019849115252080066,38.41156944100172
du-80-176-v1,200000.0,10.0,1,1.2361,0.02172,1.3194842021045732,0.022026540577734358,31.16707837212674
usa34,5000000.0,-2.0,1,0.3915,0.00718,0.4027496338308112,0.006723255397297362,1.4092410638980295
usa34,5000000.0,0.0,1,0.571,0.00741,0.5894385381533833,0.006828681062837674,3.8326861452867447
usa34,5000000.0,2.0,1,0.7495,0.00775,0.7734938422964744,0.0071683453901212725,11.134648184991224
usa34,5000000.0,6.0,1,1.1805,0.00987,1.1846002809742167,0.009916489236832153,18.964350066982895
usa34,5000000.0,10.0,1,1.5468,0.02034,1.469346964069675,0.025264423333551302,77.7756779868715
naca2421,1000000.0,-2.0,1,0.025,0.00843,0.025136111473139655,0.008437936340723078,0.5926111527178313
naca2421,1000000.0,0.0,1,0.2386,0.00815,0.24035750432958816,0.008192332470225364,1.1215832382648234
naca2421,1000000.0,2.0,1,0.4529,0.0082,0.45506516500336225,0.0081712088872376,1.4937527971261786
naca2421,1000000.0,6.0,1,0.8483,0.00964,0.8474631055121218,0.009715501215621038,4.736230418912104
naca2421,1000000.0,10.0,1,1.1986,0.01497,1.2175780503500053,0.015065529785131895,8.305823789648402
naca2421,200000.0,-2.0,1,0.026,0.01401,0.027704774478138385,0.014180323303828074,12.528994870443563
naca2421,200000.0,0.0,1,0.2317,0.01369,0.2349708927538833,0.013779794187263413,11.335789417532862
naca2421,200000.0,2.0,1,0.4341,0.01418,0.4396127032632788,0.014308876688476517,10.19083077956057
naca2421,200000.0,6.0,1,1.0062,0.01806,0.994907208539456,0.017710793301822424,8.821711918579542
naca2421,200000.0,10.0,1,1.1453,0.02276,1.156677068789428,0.022683843852654817,34.75362196305731
e682,200000.0,-2.0,0,,,0.058762071708439056,0.02503019011791845,95.12209583153508
e682,200000.0,0.0,1,0.4881,0.02399,0.3817387019913471,0.025739666073833427,99.31666610064958
e682,200000.0,2.0,1,0.7247,0.02295,0.6583664908520357,0.02429560716130613,76.62978452388451
e682,200000.0,6.0,1,1.115,0.01688,1.0731057541475018,0.017514132767963597,27.128177993099595
e682,200000.0,10.0,1,1.0703,0.02152,1.0926839002895716,0.021793496759982513,37.86816805515656
drgnfly,1000000.0,-2.0,1,0.3599,0.01088,0.35921298190617656,0.010338072380660262,10.68760810832528
drgnfly,1000000.0,0.0,1,0.5483,0.00873,0.5593398671298275,0.008230227822640521,5.117022760441182
drgnfly,1000000.0,2.0,1,0.8482,0.00852,0.8258804012269445,0.00825623680646444,8.974677006637048
drgnfly,1000000.0,6.0,1,1.3572,0.00978,1.2751538883175264,0.009768292639841823,5.569173480515534
drgnfly,1000000.0,10.0,1,1.6686,0.0117,1.6773750332416766,0.011360031986488925,70.55796109373259
naca2421,5000000.0,-2.0,1,0.0248,0.00649,0.026665063541273015,0.0065649841315711666,1.9369900762002643
naca2421,5000000.0,0.0,1,0.2549,0.00649,0.2562354225344804,0.006427288559304629,0.293342360811813
naca2421,5000000.0,2.0,1,0.4796,0.00657,0.48309677090762065,0.006592556734369079,0.48563394681793925
naca2421,5000000.0,6.0,1,0.9083,0.00796,0.9131599180202118,0.007824566731332043,3.9873691640636073
naca2421,5000000.0,10.0,1,1.2629,0.01091,1.2648352203296058,0.011239766298578566,5.706271730675505
drgnfly,5000000.0,-2.0,1,0.3686,0.00679,0.36617727957509977,0.006820022650202263,1.2293841649545396
drgnfly,5000000.0,0.0,1,0.5901,0.0065,0.5920786708128893,0.006239435176210117,3.956440537577037
drgnfly,5000000.0,2.0,1,0.7905,0.00514,0.8092356604252273,0.005211225433989642,4.581301151929014
drgnfly,5000000.0,6.0,1,1.2951,0.00538,1.312283989427353,0.0057039195396669466,6.200920395452829
drgnfly,5000000.0,10.0,1,1.6268,0.01001,1.7303222073592028,0.0073025519481650526,86.94506318634011
mh95,1000000.0,-2.0,1,0.0214,0.00539,0.025641580843342837,0.005513609873545873,10.01074580703913
mh95,1000000.0,0.0,0,,,0.22857561174663085,0.005870094396133383,4.089065451036103
mh95,1000000.0,2.0,1,0.4112,0.00702,0.4173627769156749,0.007057551405213371,1.107392991206435
mh95,1000000.0,6.0,1,0.7661,0.01003,0.7867763654296362,0.010524830153786045,7.043671331219501
mh95,1000000.0,10.0,1,1.0578,0.01463,1.1143371664131747,0.014618504957359972,8.575411313481528
goe592,1000000.0,-2.0,1,0.5738,0.00907,0.5851433743294098,0.008686333552120932,2.971834624767664
goe592,1000000.0,0.0,1,0.7791,0.00881,0.8001576433452259,0.008582644347762017,1.1090839574236406
goe592,1000000.0,2.0,1,0.97,0.00885,1.0045272708892818,0.008700607425281032,3.850738069707555
goe592,1000000.0,6.0,0,,,1.374003296882373,0.009974322183570538,11.256111230260272
goe592,1000000.0,10.0,1,1.5633,0.01869,1.6392610574713606,0.018101880026963026,22.991862316019095
goe289,5000000.0,-2.0,1,0.42,0.00702,0.42817912195295005,0.006799321495208539,3.199105069416376
goe289,5000000.0,0.0,1,0.6254,0.00675,0.6455609110325677,0.006674707001899713,2.811989223622715
goe289,5000000.0,2.0,1,0.8209,0.00672,0.8556069752454559,0.0067875095466833945,4.8889824679717275
goe289,5000000.0,6.0,0,,,1.3138186738540156,0.007149918538087141,5.348891379604583
goe289,5000000.0,10.0,1,1.6057,0.01119,1.6569183045695428,0.009855659112964769,15.514132337122126
goe289,1000000.0,-2.0,1,0.3957,0.00904,0.41234436576645067,0.008880083111455958,4.559645756943131
goe289,1000000.0,0.0,1,0.5876,0.00876,0.6150790366526215,0.008760106457797042,6.491487554437028
goe289,1000000.0,2.0,1,0.765,0.00882,0.8111482522631106,0.008330366850413832,4.00037515606088
goe289,1000000.0,6.0,0,,,1.2232926421487234,0.010499102328965865,15.17480108622354
goe289,1000000.0,10.0,1,1.5046,0.01565,1.545585195409543,0.014697976886884227,13.81119460504442
drgnfly,200000.0,-2.0,1,0.0263,0.04265,0.24278153249396162,0.02962824591096256,94.9341942562653
drgnfly,200000.0,0.0,0,,,0.36542056634529274,0.03779635700949685,229.14407612228993
drgnfly,200000.0,2.0,0,,,0.39485915626146406,0.0557114115549267,361.9049658399046
drgnfly,200000.0,6.0,0,,,0.5112291454429452,0.08543035918826448,512.4222462062971
drgnfly,200000.0,10.0,1,0.7145,0.09514,0.7724186093799283,0.10661607551766195,642.6084764223816
m26,1000000.0,-2.0,0,,,0.22800551252372842,0.0367761894198723,33.839303672951665
m26,1000000.0,0.0,0,,,0.46913862417790303,0.01995131660167369,104.14601819536514
m26,1000000.0,2.0,0,,,0.6884894436561732,0.009810392737354259,3.191133631430688
m26,1000000.0,6.0,0,,,1.1859206186034277,0.008838890833357529,6.797009349208995
m26,1000000.0,10.0,0,,,1.421665047521089,0.027161829048605746,96.70665494631689
